date,hv10,hv10_rank,phv10,phv10_rank,ivcall10,ivcall10_rank,ivmean10,ivmean10_rank,ivput10,ivput10_rank,hv180,hv180_rank,phv180,phv180_rank,ivcall1080,ivcall1080_rank,ivmean1080,ivmean1080_rank,ivput1080,ivput1080_rank
2025-06-16,0.905,,1.101,,1.275,,1.3078,,1.3406,,1.6474,,1.2679,,1.1841,,1.242,,1.3,
2025-06-13,1.9994,,1.4354,,1.0246,,1.0175,,1.0104,,1.6515,,1.2703,,1.1906,,1.2217,,1.2528,
2025-06-12,2.0283,,1.4085,,0.8158,,1.0242,,1.2326,,1.6508,,1.2669,,1.1089,,1.2048,,1.3006,
2025-06-11,2.0157,,1.3931,,1.3545,,1.3716,,1.3887,,1.6553,,1.2674,,1.1235,,1.2242,,1.325,
2025-06-10,2.0175,,1.3957,,1.4605,,1.1441,,0.8277,,1.6571,,1.2686,,1.2854,,1.2486,,1.2119,
2025-06-09,1.8317,,1.3766,,1.308,,1.259,,1.2099,,1.6487,,1.2688,,1.2173,,1.2191,,1.2209,
2025-06-06,1.6425,,1.2209,,1.4039,,1.5361,,1.6683,,1.6498,,1.2618,,1.189,,1.306,,1.423,
2025-06-05,1.4271,,1.1672,,1.6324,,1.748,,1.8636,,1.6491,,1.2606,,1.2588,,1.3017,,1.3446,
2025-06-04,1.1686,,0.8019,,1.1681,,1.267,,1.3658,,1.609,,1.2421,,1.117,,1.2174,,1.3177,
2025-06-03,1.0785,,0.743,,1.0777,,1.2216,,1.3656,,1.6063,,1.2397,,1.1007,,1.2119,,1.323,
2025-06-02,1.0971,,0.7786,,1.1368,,1.229,,1.3213,,1.6091,,1.2389,,1.2001,,1.2508,,1.3014,
2025-05-30,1.1519,,0.7848,,0.9842,,1.1748,,1.3653,,1.6114,,1.2384,,1.0853,,1.2224,,1.3594,
2025-05-29,1.0332,,0.7551,,1.1574,,1.274,,1.3905,,1.6087,,1.2377,,1.1805,,1.2599,,1.3394,
2025-05-28,1.0948,,0.7392,,1.196,,1.147,,1.098,,1.6088,,1.2378,,1.1769,,1.2696,,1.3623,
2025-05-27,1.0689,,0.7449,,1.3579,,1.2847,,1.2115,,1.6121,,1.2422,,1.2883,,1.2488,,1.2092,
2025-05-23,0.5986,,0.6807,,1.1506,,1.1375,,1.1244,,1.6028,,1.243,,1.2108,,1.2013,,1.1918,
2025-05-22,0.8038,,0.713,,1.1086,,1.1115,,1.1144,,1.6029,,1.2436,,1.1489,,1.182,,1.2152,
2025-05-21,0.9759,,0.7951,,1.0856,,1.2288,,1.372,,1.6027,,1.2422,,1.0848,,1.1895,,1.2942,
2025-05-20,1.1046,,0.792,,1.1918,,1.2676,,1.3435,,1.6012,,1.2422,,1.1027,,1.144,,1.1852,
2025-05-19,1.1165,,0.8747,,1.3726,,1.3658,,1.359,,1.6082,,1.2454,,1.232,,1.2084,,1.1849,
2025-05-16,0.8648,,0.9013,,1.2796,,1.2166,,1.1536,,1.6087,,1.2478,,1.254,,1.2072,,1.1603,
2025-05-15,0.9372,,0.8979,,1.6359,,1.4186,,1.2013,,1.6176,,1.2506,,1.2473,,1.2402,,1.233,
2025-05-14,0.9836,,0.8817,,1.2076,,1.2734,,1.3391,,1.6169,,1.2549,,1.2017,,1.1842,,1.1666,
2025-05-13,1.1793,,0.8673,,1.1937,,1.1431,,1.0925,,1.6223,,1.2569,,1.144,,1.1746,,1.2052,
2025-05-12,1.1195,,0.8162,,1.4406,,1.3228,,1.2049,,1.6406,,1.2593,,1.0705,,1.1429,,1.2153,
2025-05-09,0.865,,0.8097,,1.1976,,1.2788,,1.36,,1.6464,,1.273,,1.1359,,1.2316,,1.3272,
2025-05-08,0.7751,,0.7277,,1.2196,,1.2746,,1.3296,,1.6427,,1.271,,1.0653,,1.182,,1.2987,
2025-05-07,0.7059,,0.7543,,1.263,,1.2872,,1.3114,,1.7125,,1.2753,,1.1218,,1.2181,,1.3144,
2025-05-06,0.7052,,0.9231,,1.3816,,1.2414,,1.1013,,1.7149,,1.2763,,1.1311,,1.2248,,1.3186,
2025-05-05,1.4917,,1.2392,,1.1724,,1.268,,1.3636,,1.7154,,1.2774,,1.1182,,1.2161,,1.314,
2025-05-02,1.4113,,1.2519,,1.1745,,1.2168,,1.2592,,1.7135,,1.2771,,1.084,,1.2105,,1.337,
2025-05-01,1.4733,,1.2925,,1.1551,,1.3287,,1.5022,,7.5782,,1.2753,,1.0847,,1.1968,,1.3088,
2025-04-30,1.4124,,1.3326,,1.3241,,1.3235,,1.3229,,7.5782,,1.2744,,1.1044,,1.2277,,1.3509,
2025-04-29,1.5947,,1.3192,,1.4354,,1.2458,,1.0561,,7.5779,,1.2737,,1.1576,,1.2496,,1.3417,
2025-04-28,1.6427,,1.2878,,1.4373,,1.3247,,1.2122,,7.5776,,1.273,,1.1161,,1.2344,,1.3526,
2025-04-25,1.8662,,1.2515,,1.3472,,1.286,,1.2247,,7.5786,,1.2695,,1.1217,,1.2211,,1.3205,
2025-04-24,1.4073,,0.9793,,1.0736,,1.0404,,1.0072,,7.6177,,1.2766,,1.1121,,1.2173,,1.3225,
2025-04-23,1.3445,,1.0348,,1.0941,,1.1852,,1.2763,,7.6168,,1.2755,,0.8656,,1.1267,,1.3878,
2025-04-22,1.0977,,1.0068,,1.55,,1.5332,,1.5163,,7.6147,,1.2698,,1.2063,,1.3388,,1.4712,
2025-04-21,0.9411,,1.0533,,1.5098,,1.4786,,1.4475,,7.613,,1.2661,,1.2333,,1.3572,,1.4811,
2025-04-17,3.8487,,2.4855,,1.42,,1.4423,,1.4646,,7.6118,,1.265,,1.2395,,1.3672,,1.495,
2025-04-16,3.9453,,2.6782,,1.5651,,1.5134,,1.4616,,7.6118,,1.2645,,1.3358,,1.3907,,1.4456,
2025-04-15,3.8858,,2.8565,,1.4343,,1.4352,,1.436,,7.6111,,1.2599,,1.2468,,1.3097,,1.3726,
2025-04-14,4.1514,,2.8969,,1.5236,,1.5696,,1.6155,,7.611,,1.2589,,1.2425,,1.3535,,1.4646,
2025-04-11,4.2197,,2.8814,,1.762,,1.6218,,1.4816,,7.6111,,1.2559,,1.2981,,1.3687,,1.4392,
2025-04-10,4.2659,,2.9825,,1.8493,,,,1.7125,,7.614,,1.2524,,1.2985,,,,1.5319,
2025-04-09,4.1546,,2.9829,,1.5162,,,,1.6348,,7.6125,,1.2479,,1.2433,,,,1.5367,
2025-04-08,1.6667,,1.9879,,2.4037,,,,2.4101,,7.5625,,1.1273,,1.4523,,,,1.7092,
2025-04-07,1.6379,,1.7525,,2.1828,,,,2.3573,,7.5621,,1.1018,,1.4595,,,,1.7404,
2025-04-04,1.6576,,1.4774,,1.6181,,,,2.0396,,7.5624,,1.072,,1.3202,,,,1.6658,
2025-04-03,1.3572,,1.423,,1.3795,,,,1.5931,,7.5594,,1.0642,,1.267,,,,1.4528,
2025-04-02,1.2927,,1.4504,,1.5356,,,,1.413,,7.5586,,1.064,,1.2443,,,,1.3896,
2025-04-01,1.9742,,1.3653,,1.3473,,,,1.6248,,7.5569,,1.0442,,1.2106,,,,1.4916,
2025-03-31,2.0274,,1.3472,,1.5123,,,,1.5377,,7.5557,,1.041,,1.2809,,,,1.4523,
2025-03-28,1.9913,,1.2995,,1.3983,,,,1.5198,,7.5558,,1.0378,,1.1703,,,,1.4254,
2025-03-27,1.8506,,1.3106,,1.1789,,,,1.5548,,7.556,,1.0346,,1.0792,,,,1.3954,
2025-03-26,2.0876,,1.2008,,1.3333,,,,1.2717,,7.556,,1.028,,1.1422,,,,1.3728,
2025-03-25,2.0445,,1.1714,,1.3811,,,,1.2068,,7.555,,1.0237,,1.1668,,,,1.2622,
2025-03-24,2.0474,,1.1361,,1.267,,,,1.3861,,7.5543,,1.0197,,1.1258,,,,1.3323,
2025-03-21,1.4621,,0.9456,,1.3574,,,,1.3093,,7.5453,,1.006,,1.1284,,,,1.3528,
2025-03-20,1.6525,,0.8994,,1.2136,,,,1.1775,,7.543,,1.0009,,1.1551,,,,1.3602,
2025-03-19,1.6976,,1.0842,,1.2894,,,,1.504,,7.5471,,1.0042,,1.1383,,,,1.4206,
2025-03-18,2.3396,,1.2522,,1.5087,,,,1.567,,7.5453,,1.0013,,1.1594,,,,1.4385,
2025-03-17,2.284,,1.3002,,1.4401,,,,1.4916,,7.5445,,1.002,,1.1214,,,,1.3999,
2025-03-14,2.3074,,1.2947,,1.4261,,,,1.3931,,7.5437,,1.0001,,1.1414,,,,1.3752,
2025-03-13,2.2654,,1.2886,,1.5406,,,,1.5255,,7.5425,,0.9979,,1.1554,,,,1.4002,
2025-03-12,2.2898,,1.3324,,1.5868,,,,1.5958,,7.5424,,0.9948,,1.1606,,,,1.3994,
2025-03-11,1.8516,,1.4285,,1.792,,,,1.9331,,7.5379,,0.9942,,1.2408,,,,1.4733,
2025-03-10,1.8606,,1.371,,1.9616,,,,1.9558,,7.5381,,0.9842,,1.2679,,,,1.4981,
2025-03-07,1.148,,1.2061,,1.4662,,,,1.3046,,7.5303,,0.969,,1.1807,,,,1.3022,
2025-03-06,1.1732,,1.2335,,1.4389,,,,1.4864,,7.5331,,0.9775,,1.1664,,,,1.3288,
2025-03-05,1.3251,,1.3317,,1.5009,,,,1.2559,,7.5338,,0.9806,,1.1586,,,,1.2665,
2025-03-04,1.1508,,1.3451,,1.4423,,,,1.5477,,7.5346,,0.9829,,1.1586,,,,1.3247,
2025-03-03,1.1607,,1.3027,,1.3906,,,,1.3739,,7.5339,,0.9782,,1.1369,,,,1.2742,
2025-02-28,1.1697,,1.1639,,1.3134,,,,1.247,,7.5349,,0.9683,,1.1289,,,,1.2511,
2025-02-27,0.9485,,1.0844,,1.178,,,,1.3754,,7.5336,,0.9638,,1.0426,,,,1.2769,
2025-02-26,0.9909,,1.0286,,1.2168,,,,1.2948,,7.5333,,0.962,,1.0434,,,,1.2252,
2025-02-25,1.0197,,0.9512,,1.2564,,,,1.2267,,7.5329,,0.9575,,1.0386,,,,1.1858,
2025-02-24,1.0889,,0.8419,,0.9113,,,,1.1433,,7.5304,,0.9491,,0.972,,,,1.1336,
2025-02-21,1.0934,,0.8566,,0.9584,,,,1.0263,,7.5318,,0.9472,,0.9848,,,,1.1746,
2025-02-20,1.1962,,0.8816,,1.1773,,,,1.0571,,7.5322,,0.9483,,1.0331,,,,1.1839,
2025-02-19,1.2385,,0.8719,,0.9897,,,,1.1685,,7.5323,,0.9471,,1.0116,,,,1.2393,
2025-02-18,1.2762,,0.9067,,1.0575,,,,1.1091,,7.532,,0.947,,1.0225,,,,1.2184,
2025-02-14,1.2772,,0.9152,,1.0914,,,,0.9414,,7.5327,,0.9487,,1.0711,,,,1.2308,
2025-02-13,1.3145,,0.8983,,1.1423,,,,0.9198,,7.5328,,0.9489,,1.0959,,,,1.241,
2025-02-12,0.9879,,0.8468,,0.7935,,,,1.0863,,7.5335,,0.9502,,1.0302,,,,1.2361,
2025-02-11,0.846,,0.7837,,1.031,,,,1.2167,,7.5333,,0.9485,,1.0086,,,,1.2442,
2025-02-10,0.8225,,0.7253,,0.7841,,,,1.2469,,7.5338,,0.9477,,0.9552,,,,1.2337,
2025-02-07,0.9987,,0.8772,,0.8055,,,,1.1452,,7.5335,,0.9467,,0.9478,,,,1.2282,
2025-02-06,0.965,,0.8246,,1.0167,,,,0.8631,,7.5331,,0.9435,,1.0948,,,,1.2268,
2025-02-05,0.9701,,0.8332,,0.8912,,,,1.0693,,7.534,,0.9453,,1.0384,,,,1.2569,
2025-02-04,0.9211,,0.8556,,0.9434,,,,1.083,,7.5343,,0.9489,,1.0871,,,,1.2374,
2025-02-03,0.8491,,0.8483,,0.8617,,,,1.1533,,7.534,,0.9514,,1.066,,,,1.2522,
2025-01-31,0.6466,,0.8365,,0.9443,,,,1.309,,7.5337,,0.9628,,1.0137,,,,1.2975,
2025-01-30,0.6463,,0.7952,,0.954,,,,1.3873,,7.5343,,0.9623,,1.0271,,,,1.268,
2025-01-29,0.3219,,0.7172,,1.1428,,,,1.2736,,7.5352,,0.9608,,0.9569,,,,1.3575,
2025-01-28,0.5844,,0.7706,,1.1714,,,,1.3632,,7.5363,,0.9613,,1.0919,,,,1.2867,
2025-01-27,0.6578,,0.7666,,1.2164,,,,1.3781,,7.5369,,0.9632,,1.0715,,,,1.3129,
2025-01-24,1.3057,,0.8587,,1.1479,,,,1.4642,,7.5389,,0.964,,1.0575,,,,1.3309,
2025-01-23,1.3148,,0.9763,,1.1924,,,,1.4192,,7.5388,,0.9641,,1.1111,,,,1.3344,
2025-01-22,17.8366,,1.0385,,1.3352,,,,1.5548,,7.5392,,0.9669,,1.0749,,,,1.3697,
2025-01-21,17.87,,1.0474,,1.3351,,,,1.3844,,7.5452,,0.9674,,1.1544,,,,1.3344,
2025-01-17,17.8852,,0.9964,,1.0507,,,,1.5605,,4.4996,,0.9645,,1.0612,,,,1.3876,
2025-01-16,17.7496,,1.0142,,1.055,,,,1.3788,,4.5016,,0.9632,,1.1072,,,,1.3442,
2025-01-15,17.8155,,1.0822,,1.5643,,,,1.1287,,4.502,,0.9649,,1.1963,,,,1.3137,
2025-01-14,17.8155,,1.1766,,0.9606,,,,1.6138,,4.4944,,0.9605,,1.0255,,,,1.4361,
2024-12-04,0.9088,,0.7394,,2.0769,,,,3.2881,,1.5142,,0.935,,0.7934,,,,3.2881,
2024-12-03,0.9919,,0.8268,,1.5722,,,,3.2737,,1.5141,,0.9343,,0.7614,,,,3.2737,
2024-12-02,0.9593,,0.8514,,1.6808,,,,3.4133,,1.5126,,0.9359,,0.808,,,,3.4133,
2024-11-29,0.8786,,0.8657,,1.653,,,,3.0768,,1.5106,,0.9354,,1.439,,,,3.0768,
2024-11-27,0.7921,,0.8863,,1.4398,,,,3.063,,1.5094,,0.9343,,1.2923,,,,3.063,
2024-11-26,1.0113,,0.9529,,1.3727,,,,3.2222,,1.5087,,0.9342,,1.3593,,,,3.2222,
2024-11-25,1.0378,,0.9925,,1.5677,,,,3.2481,,1.5088,,0.9343,,1.3039,,,,3.2481,
2024-11-21,1.154,,0.9941,,1.8887,,,,3.0953,,1.5009,,0.9256,,1.2896,,,,3.0953,
2024-11-20,1.3807,,1.0477,,1.7338,,,,3.1216,,1.5017,,0.9246,,1.1814,,,,3.1216,
2024-11-14,2.7348,,1.4288,,1.1588,,,,8.29,,1.5145,,0.9238,,1.1588,,,,8.29,
2024-11-11,2.1781,,1.2877,,5.4147,,,,4.7105,,1.493,,0.9102,,3.1541,,,,4.7105,
2024-10-29,3.5593,,1.1847,,1.168,,,,1.17,,1.3723,,0.8691,,1.168,,,,1.9799,
2024-10-25,3.481,,1.1306,,1.6318,,,,0.8858,,1.3708,,0.8695,,1.6318,,,,1.941,
2024-10-23,0.275,,0.4078,,1.3857,,,,2.1443,,1.2328,,0.8564,,1.3857,,,,1.5534,
2024-10-22,0.188,,0.4401,,1.3542,,,,1.998,,1.2318,,0.8569,,1.3542,,,,1.5111,
2024-10-21,0.9883,,0.4864,,1.6124,,,,2.0187,,1.2391,,0.8667,,1.6124,,,,1.5434,
2024-10-18,0.988,,0.5468,,0.9605,,,,1.0716,,1.2952,,0.8813,,0.7634,,,,1.1748,
2024-10-17,0.9781,,0.5824,,1.1617,,,,1.17,,1.2956,,0.8841,,0.7993,,,,1.181,
2024-10-15,1.0344,,0.6277,,1.1211,,,,1.2069,,1.3019,,0.8863,,0.8231,,,,1.2042,
2024-10-14,1.2269,,0.6148,,1.1589,,,,1.1269,,1.3068,,0.8852,,0.893,,,,1.1581,
2024-10-11,1.2186,,0.645,,1.1297,,,,1.649,,1.3075,,0.8842,,0.8436,,,,1.2553,
2024-10-10,0.8998,,0.6516,,1.2152,,,,2.0992,,1.2876,,0.8835,,0.8967,,,,1.2554,
2024-10-09,0.9005,,0.7128,,1.3243,,,,2.3894,,1.2977,,0.8847,,1.3243,,,,1.318,
2024-10-08,0.9168,,0.7206,,1.4188,,,,1.7194,,1.2985,,0.8837,,1.4188,,,,1.2098,
2024-10-07,0.9649,,0.7248,,1.2632,,,,1.7688,,1.2985,,0.8857,,0.8285,,,,1.2219,
2024-10-04,0.8812,,0.7388,,1.957,,,,1.6014,,1.2967,,0.8849,,0.9309,,,,1.2261,
2024-10-03,0.6971,,0.7252,,1.1955,,,,1.5448,,1.2939,,0.8868,,0.798,,,,1.1392,
2024-10-02,0.6595,,0.6859,,1.4628,,,,1.5589,,1.297,,0.8857,,0.9761,,,,1.3008,
2024-10-01,0.708,,0.6916,,1.7356,,,,2.2786,,1.297,,0.8889,,0.9801,,,,1.3028,
2024-09-30,0.7627,,0.601,,1.707,,,,1.2777,,1.2962,,0.8885,,0.9566,,,,1.3495,
2024-09-27,1.1007,,0.6885,,1.85,,,,1.2987,,1.2963,,0.8884,,0.9788,,,,1.2987,
2024-09-26,1.1373,,0.7191,,1.9159,,,,1.9195,,1.3041,,0.888,,1.016,,,,1.9195,
2024-09-25,1.087,,0.7122,,1.6929,,,,1.2964,,1.3036,,0.8873,,0.9305,,,,1.2964,
2024-09-24,1.1616,,0.7254,,1.2245,,,,1.0166,,1.3059,,0.8874,,0.8908,,,,1.2931,
2024-09-23,1.1745,,0.7135,,1.3422,,,,1.413,,1.3055,,0.8873,,0.9279,,,,1.2483,
2024-09-20,1.0493,,0.7052,,1.0796,,,,1.2732,,1.3009,,0.888,,0.8712,,,,1.2887,
2024-09-19,0.9685,,0.7572,,1.4233,,,,1.1473,,1.2987,,0.8884,,0.9943,,,,1.2022,
2024-09-18,0.6018,,0.6862,,1.1644,,,,1.3282,,1.2823,,0.8841,,0.8418,,,,1.3276,
2024-09-17,0.6285,,0.6646,,1.0939,,,,1.2807,,1.2836,,0.8832,,0.8546,,,,1.298,
2024-09-16,1.2712,,0.9117,,1.1868,,,,1.2632,,1.2852,,0.8826,,1.1838,,,,1.2919,
2024-09-13,1.3913,,0.9973,,1.1608,,,,1.2817,,1.2852,,0.8825,,0.9506,,,,1.3091,
2024-09-12,1.4407,,1.0652,,1.5799,,,,1.3029,,1.2986,,0.8874,,0.9598,,,,1.3101,
2024-09-11,1.4888,,1.0932,,1.4681,,,,1.1541,,1.2986,,0.8868,,1.0528,,,,1.2377,
2024-09-10,1.5238,,1.068,,1.1619,,,,1.1819,,1.3042,,0.8886,,1.017,,,,1.2358,
2024-09-09,1.467,,1.0843,,1.2013,,,,1.4137,,1.3054,,0.8883,,0.9032,,,,1.2714,
2024-09-06,1.4725,,1.1018,,1.184,,,,1.4125,,1.3038,,0.8891,,0.8103,,,,1.3637,
2024-09-05,1.0016,,0.9159,,1.0313,,,,1.2661,,1.282,,0.8774,,0.9054,,,,1.2438,
2024-09-04,0.9398,,0.8348,,1.0834,,,,1.1516,,1.2763,,0.8739,,0.8929,,,,1.1831,
2024-09-03,0.9785,,0.7667,,0.9093,,,,1.2602,,1.2716,,0.8702,,0.7939,,,,1.2378,
2024-08-30,1.1837,,0.821,,0.7981,,,,1.0217,,1.2726,,0.8694,,0.913,,,,1.1339,
2024-08-29,1.0458,,0.7973,,0.954,,,,1.2039,,1.2736,,0.8689,,0.954,,,,1.2394,
2024-08-28,1.0327,,0.7792,,0.8259,,,,0.9884,,1.2884,,0.8705,,0.875,,,,1.2099,
2024-08-26,1.1236,,0.7829,,0.8935,,,,1.1844,,1.2858,,0.8676,,0.8935,,,,1.1844,
2024-08-23,1.2924,,0.862,,0.848,,,,1.0765,,1.2825,,0.8674,,0.9019,,,,1.197,
2024-08-22,1.3042,,0.8818,,0.9038,,,,1.0414,,1.276,,0.8731,,0.77,,,,1.2957,
2024-08-21,1.1372,,0.87,,0.9058,,,,1.1071,,1.2697,,0.8702,,0.9296,,,,1.2448,
2024-08-20,1.1979,,0.8631,,0.892,,,,1.2232,,1.2724,,0.8704,,0.8658,,,,1.2971,
2024-08-19,1.1612,,0.8412,,0.9239,,,,1.083,,1.2723,,0.8698,,0.9605,,,,1.2028,
2024-08-16,1.1776,,0.8506,,0.9957,,,,0.8748,,1.2697,,0.8683,,0.8797,,,,1.2417,
2024-08-15,1.3789,,0.8988,,1.0411,,,,0.989,,1.2732,,0.8685,,0.8889,,,,1.1771,
2024-08-14,1.1162,,0.8703,,0.86,,,,0.9941,,1.2585,,0.8636,,0.8605,,,,1.1923,
2024-08-13,1.1766,,1.0487,,0.9103,,,,0.9322,,1.2681,,0.8672,,0.9413,,,,1.1279,
2024-08-12,0.9749,,1.0109,,0.9172,,,,1.0019,,1.2608,,0.8624,,0.8643,,,,1.1761,
2024-08-09,1.1414,,1.1166,,0.9795,,,,0.9663,,1.2619,,0.8628,,0.9047,,,,1.175,
2024-08-08,1.3568,,1.1305,,1.1096,,,,1.0484,,1.2649,,0.8631,,0.9451,,,,1.1857,
2024-08-07,1.1635,,1.1396,,0.8488,,,,1.2408,,1.2619,,0.8602,,0.8134,,,,1.2426,
2024-08-05,1.4775,,1.0734,,1.1257,,,,1.4339,,1.2564,,0.8538,,0.9424,,,,1.2928,
2024-08-02,1.458,,0.9162,,1.1024,,,,1.1856,,1.2511,,0.8423,,0.91,,,,1.2708,
2024-08-01,1.931,,0.8987,,0.9355,,,,1.0933,,1.2499,,0.8421,,0.7765,,,,1.2739,
2024-07-31,1.8164,,0.8005,,0.9251,,,,0.9216,,1.2361,,0.8354,,0.8532,,,,1.2347,
2024-07-29,1.871,,0.8022,,1.1071,,,,1.1592,,1.2273,,0.8311,,0.8801,,,,1.1986,
2024-07-26,1.664,,0.7858,,0.8869,,,,1.1738,,1.2173,,0.8282,,0.8622,,,,1.2012,
2024-07-25,1.668,,0.8229,,0.5894,,,,1.1665,,1.224,,0.8297,,0.92,,,,1.181,
2024-07-24,1.6357,,0.8208,,0.8399,,,,1.3345,,1.2228,,0.826,,0.893,,,,1.1745,
2024-07-23,1.0417,,0.8821,,0.9742,,,,1.2471,,1.2241,,0.8278,,0.9616,,,,1.2731,
2024-07-22,1.0529,,1.0053,,1.2758,,,,1.1759,,1.2223,,0.826,,1.117,,,,1.1759,
2024-07-19,1.2237,,1.2396,,1.3337,,,,1.2647,,1.2136,,0.8254,,0.9427,,,,1.249,
2024-07-17,1.2792,,1.2688,,1.1119,,,,1.2782,,1.2088,,0.8236,,1.0372,,,,1.2782,
2024-07-16,1.2055,,1.2983,,1.2732,,,,1.2263,,1.2057,,0.821,,1.1864,,,,1.2263,
2024-07-15,1.2161,,1.2835,,1.347,,,,1.3426,,1.2064,,0.8169,,1.0092,,,,1.3426,
2024-07-12,1.4643,,1.302,,1.2505,,,,1.3425,,1.2056,,0.813,,1.0497,,,,1.2457,
2024-07-09,1.2666,,1.1382,,1.3671,,,,1.2191,,1.1869,,0.7793,,1.1396,,,,1.2191,
2024-07-05,1.2672,,1.0616,,1.2391,,,,1.143,,1.1839,,0.7655,,1.1368,,,,1.143,
2024-07-01,0.8391,,0.812,,1.0335,,,,1.0586,,1.1254,,0.7449,,1.0335,,,,1.0586,
2024-06-28,0.6899,,0.6813,,0.929,,,,1.1105,,1.1091,,0.7366,,0.9185,,,,1.099,
2024-06-26,0.9297,,0.795,,1.0647,,,,0.9791,,1.1116,,0.7353,,0.9771,,,,0.9791,
2024-06-25,0.8914,,0.7478,,1.0906,,,,0.9702,,1.1619,,0.7279,,0.9415,,,,1.0078,
2024-06-24,0.91,,0.8264,,0.8506,,,,1.1517,,1.16,,0.7258,,0.8415,,,,1.0729,
2024-06-21,0.9966,,0.9113,,0.9439,,,,0.9571,,1.1602,,0.7243,,0.8996,,,,1.0484,
2024-06-20,1.0602,,0.9473,,0.9153,,,,1.0317,,1.1618,,0.7242,,0.8823,,,,1.0678,
2024-06-18,1.0704,,0.9463,,1.0114,,,,1.0146,,1.1633,,0.7253,,0.9087,,,,1.0492,
2024-06-17,1.0457,,0.9414,,1.1352,,,,0.8875,,1.1634,,0.7242,,0.8852,,,,1.0042,
2024-06-14,0.8395,,0.8463,,0.8968,,,,1.1156,,1.1527,,0.7154,,0.8438,,,,1.046,
2024-06-13,0.7495,,0.7839,,0.8141,,,,1.4011,,1.1507,,0.711,,0.8144,,,,1.0765,
2024-06-12,0.6889,,0.6781,,1.2805,,,,1.072,,1.1529,,0.7054,,0.8663,,,,1.05,
2024-06-11,0.4072,,0.5972,,1.2326,,,,1.0622,,1.1472,,0.6998,,0.9068,,,,1.0564,
2024-06-10,0.3684,,0.5848,,0.8893,,,,1.2291,,1.1463,,0.6967,,0.8543,,,,1.0747,
2024-06-07,0.3334,,0.6262,,0.9573,,,,1.0272,,1.1453,,0.6953,,0.8801,,,,1.0698,
2024-06-06,0.331,,0.6292,,1.0962,,,,0.9765,,1.1454,,0.6946,,0.876,,,,1.0408,
2024-06-05,0.2819,,0.5961,,0.9442,,,,0.9959,,1.1446,,0.6916,,0.8774,,,,1.0612,
2024-06-03,0.6774,,0.7096,,0.921,,,,1.0641,,1.1448,,0.6941,,0.8492,,,,1.0657,
2024-05-29,1.223,,0.7624,,0.7963,,,,0.98,,1.1447,,0.6861,,0.8703,,,,1.078,
2024-05-28,1.2356,,0.7958,,0.9075,,,,0.9747,,1.145,,0.6866,,0.889,,,,1.0545,
2024-05-24,1.2132,,0.7918,,0.9357,,,,0.8133,,1.1485,,0.6882,,0.8672,,,,1.0428,
2024-05-23,1.179,,0.8009,,0.7987,,,,0.9872,,1.1448,,0.6857,,0.8183,,,,1.0647,
2024-05-22,1.1353,,0.754,,0.8546,,,,1.0072,,1.1402,,0.6808,,0.8747,,,,1.0489,
2024-05-21,0.9753,,0.7824,,0.9098,,,,0.8274,,1.1379,,0.68,,0.8756,,,,0.9802,
2024-05-17,0.6843,,0.6289,,0.8699,,,,0.8137,,1.1202,,0.6701,,0.8454,,,,1.0113,
2024-05-15,0.8026,,0.6167,,0.8036,,,,1.6197,,1.1223,,0.6693,,0.8533,,,,1.0483,
2024-05-13,0.7064,,0.5901,,0.7426,,,,0.9331,,1.1261,,0.6658,,0.8139,,,,1.027,
2024-05-09,0.6061,,0.6213,,0.9735,,,,0.9346,,1.1277,,0.6652,,0.8327,,,,1.0484,
2024-05-08,0.8151,,0.6553,,1.1462,,,,1.1035,,1.1328,,0.6676,,0.855,,,,1.0427,
2024-05-07,2.5423,,1.0443,,0.727,,,,0.9798,,1.1317,,0.6657,,0.855,,,,1.0704,
2024-05-02,2.8344,,1.3348,,0.8187,,,,0.9252,,1.1254,,0.6636,,0.8865,,,,1.0853,
2024-05-01,2.7954,,1.3337,,1.036,,,,1.0495,,1.134,,0.6612,,0.8384,,,,1.1004,
2024-04-30,2.8508,,1.3336,,0.8871,,,,1.1599,,1.1335,,0.66,,0.8916,,,,1.0836,
2024-04-29,2.6774,,1.3213,,1.4397,,,,1.2931,,1.1227,,0.6587,,0.9239,,,,1.1014,
2024-04-26,1.9645,,1.0273,,0.8435,,,,1.036,,0.9944,,0.6342,,0.8378,,,,1.0666,
2024-04-25,1.9605,,1.0164,,0.9676,,,,0.7469,,0.9938,,0.6327,,0.8777,,,,1.0137,
2024-04-24,1.9456,,0.8707,,1.1663,,,,0.8428,,0.9848,,0.6211,,0.8709,,,,1.03,
2024-04-23,0.7259,,0.6375,,1.2548,,,,1.2195,,0.9028,,0.6005,,0.8592,,,,1.0727,
2024-04-22,0.4469,,0.5719,,0.8987,,,,1.1111,,0.9021,,0.5977,,0.8987,,,,1.1111,
2024-04-19,0.6765,,0.5954,,1.0614,,,,1.2185,,0.8975,,0.6,,0.864,,,,1.1114,
2024-04-18,0.6809,,0.5919,,1.0911,,,,1.207,,0.8994,,0.5999,,0.892,,,,1.1114,
2024-04-17,0.8265,,0.6532,,1.0339,,,,1.1659,,0.9133,,0.6018,,1.0339,,,,1.1659,
2024-04-16,1.1647,,0.6818,,1.242,,,,1.2038,,0.9174,,0.6024,,0.9007,,,,1.0703,
2024-04-15,1.1951,,0.7705,,0.9498,,,,1.2052,,0.9146,,0.6016,,0.8335,,,,1.0843,
2024-04-12,1.0152,,0.7921,,0.9641,,,,1.1569,,0.9025,,0.5968,,0.8577,,,,1.0504,
2024-04-10,1.16,,0.7738,,0.8333,,,,1.1028,,0.9018,,0.5932,,0.8662,,,,1.035,
2024-04-09,1.1007,,0.7887,,0.9688,,,,1.0926,,0.8984,,0.5928,,0.8602,,,,1.0091,
2024-04-08,1.0972,,0.7377,,1.0759,,,,1.1192,,0.8969,,0.5909,,0.871,,,,1.0249,
2024-04-04,0.8496,,0.6704,,0.9006,,,,1.0417,,0.8781,,0.5819,,0.7759,,,,1.0021,
2024-04-03,0.8346,,0.5972,,1.063,,,,0.7662,,0.8767,,0.5749,,0.8523,,,,0.9852,
2024-04-02,0.8219,,0.5833,,0.7389,,,,0.9235,,0.8869,,0.5762,,0.8463,,,,1.0276,
2024-04-01,0.6031,,0.606,,1.3268,,,,1.1257,,0.8776,,0.5751,,0.8772,,,,1.0111,
2024-03-28,0.6785,,0.5989,,1.0482,,,,1.1799,,0.8776,,0.5735,,0.8623,,,,1.0388,
2024-03-27,0.6358,,0.6111,,1.1335,,,,1.0785,,0.876,,0.5729,,0.8519,,,,1.0298,
2024-03-26,1.0072,,0.7155,,0.8632,,,,1.2934,,0.8769,,0.572,,0.7865,,,,1.0345,
2024-03-20,1.232,,0.7916,,1.1227,,,,0.9618,,0.8749,,0.5668,,0.8251,,,,0.9863,
2024-03-19,1.1998,,0.8171,,1.0912,,,,1.0514,,0.8728,,0.5648,,0.8428,,,,1.016,
2024-03-18,1.2054,,0.8532,,1.1151,,,,0.9604,,0.8726,,0.5652,,0.8588,,,,0.9772,
2024-03-15,0.7378,,0.7742,,1.0474,,,,1.0886,,0.8488,,0.5566,,0.874,,,,1.0395,
2024-03-14,0.7211,,0.807,,0.9377,,,,1.0899,,0.8508,,0.555,,0.8977,,,,1.0678,
2024-03-13,0.7179,,0.7263,,0.9058,,,,1.1536,,0.8447,,0.5461,,0.8016,,,,1.0298,
2024-03-12,0.9022,,0.7872,,1.0317,,,,0.926,,0.837,,0.5436,,0.8354,,,,0.9562,
2024-03-11,0.9296,,0.7672,,0.8449,,,,1.3725,,0.8383,,0.5401,,0.7677,,,,1.0206,
2024-03-08,0.8444,,0.732,,0.8497,,,,1.0671,,0.8378,,0.5375,,0.7715,,,,1.0273,
2024-03-07,0.9192,,0.7034,,0.9925,,,,1.0105,,0.8696,,0.5383,,0.8131,,,,1.0016,
2024-03-06,0.8812,,0.8228,,0.9162,,,,1.0468,,0.8693,,0.5358,,0.7836,,,,1.0064,
2024-03-04,1.0564,,0.8243,,0.8354,,,,1.0543,,0.8614,,0.5305,,0.7618,,,,0.9892,
2024-03-01,0.6415,,0.7655,,0.9127,,,,0.9358,,0.8478,,0.5229,,0.7859,,,,0.9752,
2024-02-29,0.641,,0.767,,0.8988,,,,0.9486,,0.8546,,0.5272,,0.7895,,,,0.9729,
2024-02-28,0.7795,,0.8008,,0.9051,,,,0.997,,0.8546,,0.5256,,0.7781,,,,0.9759,
2024-02-27,0.7697,,0.7914,,0.8259,,,,1.0682,,0.8545,,0.5247,,0.7543,,,,0.9905,
2024-02-26,1.1129,,0.7725,,0.9222,,,,0.9525,,0.8778,,0.5164,,0.7751,,,,0.9735,
2024-02-23,1.0588,,0.7193,,0.8024,,,,1.0501,,0.8702,,0.5126,,0.7445,,,,0.9897,
2024-02-22,1.0284,,0.717,,1.0065,,,,0.9185,,0.871,,0.5115,,0.7898,,,,0.957,
2024-02-16,1.024,,0.6476,,0.7839,,,,0.9913,,0.0,,0.5006,,0.7839,,,,0.9913,
2024-02-15,1.0084,,0.6783,,0.7946,,,,0.9241,,0.0,,0.0,,0.7946,,,,0.9241,
2024-02-14,0.7023,,0.5872,,0.7961,,,,0.9427,,0.0,,0.0,,0.7961,,,,0.9427,
2024-02-13,0.7904,,0.6376,,0.7604,,,,0.9798,,0.0,,0.0,,0.7604,,,,0.9798,
2024-02-12,0.7496,,0.6496,,0.776,,,,0.9809,,0.0,,0.0,,0.776,,,,0.9809,
2024-02-09,0.6391,,0.6295,,0.7558,,,,0.9721,,0.0,,0.0,,0.7558,,,,0.9721,
2024-02-08,0.6696,,0.6552,,0.6832,,,,0.8814,,0.0,,0.0,,0.6832,,,,0.8814,
2024-02-06,0.8943,,0.6576,,0.7985,,,,0.9508,,0.0,,0.0,,0.7985,,,,0.9508,
2024-02-05,0.848,,0.5983,,0.8011,,,,0.9584,,0.0,,0.0,,0.8011,,,,0.9584,
2024-01-31,1.5679,,0.6417,,0.7053,,,,0.9988,,0.0,,0.0,,0.7053,,,,0.9988,
2024-01-29,1.5554,,0.6934,,0.8556,,,,0.9066,,0.0,,0.0,,0.8556,,,,0.9066,
2024-01-26,1.3161,,0.6523,,0.7588,,,,0.975,,0.0,,0.0,,0.7588,,,,0.975,
2024-01-24,0.2813,,0.5916,,0.7486,,,,1.022,,0.0,,0.0,,0.7486,,,,1.022,
2024-01-23,0.3797,,0.592,,0.7411,,,,1.0324,,0.0,,0.0,,0.7411,,,,1.0324,
2024-01-22,0.3624,,0.5368,,0.7407,,,,1.0154,,0.0,,0.0,,0.7407,,,,1.0154,
2024-01-19,0.3721,,0.4017,,0.58,,,,0.7557,,0.0,,0.0,,0.58,,,,0.7557,
2024-01-18,0.3367,,0.3813,,0.6608,,,,0.8938,,0.0,,0.0,,0.6608,,,,0.8938,
2023-11-14,0.8868,,0.5364,,0.7916,,,,0.6696,,0.0,,0.0,,0.7443,,,,0.6954,
2023-10-23,0.809,,0.553,,0.6643,,,,0.7795,,0.0,,0.0,,0.7032,,,,0.7764,
