percentiles,hv10,hv20,hv30,hv60,hv90,ivcall10,ivcall1080,ivcall120,ivcall150,ivcall180,ivcall20,ivcall270,ivcall30,ivcall360,ivcall60,ivcall720,ivcall90,ivmean10,ivmean1080,ivmean120,ivmean150,ivmean180,ivmean20,ivmean270,ivmean30,ivmean360,ivmean60,ivmean720,ivmean90,ivput10,ivput1080,ivput120,ivput150,ivput180,ivput20,ivput270,ivput30,ivput360,ivput60,ivput720,ivput90,phv10,phv20,phv30,phv60,phv90
0,0.079858,0.121655,0.1352,0.161372,0.184003,0.226456,0.257352,0.261519,0.259552,0.25913,0.227215,0.257352,0.228026,0.257352,0.2477299999999999,0.257352,0.26283,0.239571,0.262063,0.266763,0.261441,0.261952,0.240641,0.262063,0.239756,0.262063,0.252715,0.262063,0.2697,0.229908,0.265363,0.2676,0.265315,0.263967,0.2308629999999999,0.265363,0.2323,0.265363,0.252,0.265363,0.267652,0.152854,0.1618,0.164845,0.180125,0.19732
1,0.092232,0.1318,0.1424879999999999,0.171744,0.1902,0.241426,0.2646,0.269152,0.266152,0.266126,0.2418259999999999,0.2646,0.242752,0.2646,0.256704,0.2646,0.2688,0.249126,0.2712,0.274904,0.2734,0.271904,0.249126,0.2712,0.250452,0.2712,0.262156,0.2712,0.273526,0.243326,0.269626,0.273126,0.271552,0.271078,0.2436,0.269626,0.2457,0.269626,0.2591259999999999,0.269626,0.272526,0.160572,0.1742,0.1836,0.1886,0.203396
2,0.10521,0.139853,0.153592,0.185716,0.195309,0.248467,0.268589,0.2731,0.271189,0.270089,0.2501339999999999,0.268589,0.251789,0.268589,0.263578,0.268589,0.274034,0.2554,0.2749,0.278089,0.277,0.2758,0.255667,0.2749,0.2576449999999999,0.2749,0.268678,0.2749,0.277067,0.251167,0.274289,0.276578,0.276256,0.275223,0.2511779999999999,0.274289,0.252056,0.274289,0.267378,0.274289,0.275678,0.166777,0.183912,0.18864,0.2055,0.2108719999999999
3,0.111792,0.145424,0.170272,0.199872,0.197736,0.25456,0.2747,0.27746,0.275704,0.275652,0.2572,0.2747,0.259616,0.2747,0.270408,0.2747,0.2782,0.261504,0.277852,0.279704,0.278804,0.278052,0.262016,0.277852,0.263804,0.277852,0.273552,0.277852,0.2798,0.262752,0.278908,0.280004,0.2795,0.279504,0.263208,0.278908,0.264504,0.278908,0.273304,0.278908,0.279404,0.1728,0.1886719999999999,0.19292,0.2115,0.215016
4,0.11959,0.151765,0.17976,0.2044,0.20195,0.2626,0.28073,0.2799149999999999,0.2799,0.279875,0.263115,0.28073,0.266615,0.28073,0.2749149999999999,0.28073,0.281045,0.26803,0.2819149999999999,0.2823299999999999,0.2824149999999999,0.2819149999999999,0.268715,0.2819149999999999,0.268715,0.2819149999999999,0.27803,0.2819149999999999,0.2825,0.2687,0.282,0.28223,0.283045,0.28303,0.269215,0.282,0.271545,0.282,0.279515,0.282,0.28213,0.1782899999999999,0.1941,0.199375,0.216175,0.21772
5,0.1273,0.1588,0.184528,0.206244,0.206918,0.2665679999999999,0.2854779999999999,0.2839779999999999,0.284412,0.2854779999999999,0.269012,0.2854779999999999,0.2704,0.2854779999999999,0.280636,0.2854779999999999,0.2853,0.2726,0.286856,0.285,0.286156,0.2869779999999999,0.273656,0.286856,0.275456,0.286856,0.283412,0.286856,0.286334,0.275034,0.2854779999999999,0.284834,0.285178,0.285356,0.2752,0.2854779999999999,0.2771,0.2854779999999999,0.283778,0.2854779999999999,0.2853,0.183508,0.1965,0.205,0.2198,0.222
6,0.131748,0.167157,0.1925,0.209168,0.2135,0.2702819999999999,0.290182,0.287764,0.288441,0.2894,0.271505,0.290182,0.276046,0.290182,0.2862,0.290182,0.288464,0.280846,0.290123,0.288541,0.289,0.290623,0.282041,0.290123,0.283041,0.290123,0.2913,0.290123,0.290023,0.279523,0.287982,0.287441,0.287164,0.288182,0.279864,0.287982,0.281082,0.287982,0.2884,0.287982,0.2884,0.189513,0.200256,0.2093,0.22375,0.226
7,0.1371639999999999,0.176432,0.195208,0.212992,0.2169,0.276304,0.296604,0.291804,0.2923,0.295012,0.276804,0.296604,0.279704,0.296604,0.289332,0.296604,0.292408,0.285312,0.294904,0.292204,0.291404,0.2947,0.286612,0.294904,0.287312,0.294904,0.295712,0.294904,0.293316,0.284316,0.2904,0.289908,0.2899,0.291116,0.285004,0.2904,0.285208,0.2904,0.2911,0.2904,0.291708,0.1935,0.206216,0.21248,0.2301,0.229932
8,0.1443,0.183408,0.1988879999999999,0.216564,0.219954,0.279467,0.298167,0.294767,0.295667,0.297467,0.280967,0.298167,0.283767,0.298167,0.293635,0.298167,0.2960009999999999,0.290367,0.2982,0.296167,0.296601,0.2975669999999999,0.2908349999999999,0.2982,0.292067,0.2982,0.298467,0.2982,0.297035,0.288467,0.293267,0.2919,0.292868,0.293167,0.2896,0.293267,0.290334,0.293267,0.295035,0.293267,0.2949009999999999,0.198031,0.209836,0.216215,0.234325,0.2351
9,0.1487399999999999,0.19083,0.20288,0.2190399999999999,0.22192,0.28373,0.302,0.29922,0.29883,0.30016,0.28516,0.302,0.28783,0.302,0.29666,0.302,0.2988,0.2947,0.302,0.29913,0.29896,0.30043,0.29516,0.302,0.29536,0.302,0.30183,0.302,0.30216,0.29213,0.2976,0.2957,0.2957,0.29695,0.29276,0.2976,0.29363,0.2976,0.2980299999999999,0.2976,0.29812,0.2018,0.21256,0.2208,0.2355,0.2447399999999999
10,0.1527379999999999,0.194661,0.205784,0.2210639999999999,0.2253,0.287872,0.304993,0.3027,0.301486,0.302593,0.288393,0.304993,0.2911,0.304993,0.299679,0.304993,0.301979,0.298193,0.305186,0.302593,0.302258,0.302993,0.2991,0.305186,0.300293,0.305186,0.305379,0.305186,0.304979,0.2945859999999999,0.302965,0.298293,0.298465,0.3012,0.295786,0.302965,0.2972,0.302965,0.301886,0.302965,0.301279,0.204949,0.2159,0.2258949999999999,0.238,0.248788
11,0.1596,0.198848,0.209368,0.2222879999999999,0.229608,0.291612,0.308256,0.305324,0.305224,0.305512,0.292512,0.308256,0.293712,0.308256,0.301956,0.308256,0.306756,0.301456,0.307412,0.305812,0.305,0.305656,0.301756,0.307412,0.303412,0.307412,0.3078,0.307412,0.3077,0.2972,0.308868,0.302956,0.30358,0.306812,0.300156,0.308868,0.301656,0.308868,0.305512,0.308868,0.305356,0.207908,0.218348,0.23262,0.2401,0.251696
12,0.163662,0.205326,0.215888,0.2263,0.2423779999999999,0.296219,0.311519,0.308714,0.3097,0.3096,0.2963,0.311519,0.298019,0.311519,0.3035,0.311519,0.3097379999999999,0.304619,0.310919,0.309038,0.307819,0.308457,0.3047,0.310919,0.306819,0.310919,0.3097189999999999,0.310919,0.3107,0.301738,0.3132189999999999,0.310857,0.30749,0.3108,0.302919,0.3132189999999999,0.305119,0.3132189999999999,0.309019,0.3132189999999999,0.311,0.211334,0.222176,0.23817,0.243075,0.2533
13,0.17106,0.210084,0.221016,0.229972,0.244484,0.299382,0.314382,0.312528,0.3136819999999999,0.313946,0.2995819999999999,0.314382,0.300182,0.314382,0.306846,0.314382,0.3128,0.307982,0.314228,0.313282,0.310864,0.311364,0.3076819999999999,0.314228,0.3084,0.314228,0.3116819999999999,0.314228,0.313964,0.305346,0.317546,0.315164,0.3131819999999999,0.3143,0.3065,0.317546,0.3087020000000001,0.317546,0.3116819999999999,0.317546,0.315382,0.215852,0.2254,0.24295,0.24645,0.256536
14,0.17667,0.2137,0.2249799999999999,0.2352199999999999,0.249545,0.3024,0.3171,0.3163,0.31619,0.316535,0.302935,0.3171,0.304345,0.3171,0.3097,0.3171,0.31469,0.309845,0.31908,0.318235,0.315935,0.315245,0.3097,0.31908,0.311,0.31908,0.31459,0.31908,0.318535,0.3089,0.32099,0.31972,0.319345,0.318945,0.310045,0.32099,0.311445,0.32099,0.31399,0.32099,0.3199349999999999,0.2182,0.2298599999999999,0.24625,0.250675,0.2589
15,0.181384,0.217148,0.2272,0.2431,0.252896,0.306,0.3201319999999999,0.3191319999999999,0.3188399999999999,0.3184,0.3064,0.3201319999999999,0.3087,0.3201319999999999,0.3121,0.3201319999999999,0.317648,0.312708,0.3236,0.322208,0.319508,0.321216,0.312708,0.3236,0.313324,0.3236,0.316308,0.3236,0.322708,0.311508,0.325408,0.3232,0.322116,0.322808,0.312008,0.325408,0.3133,0.325408,0.3164,0.325408,0.3233,0.222488,0.235028,0.2486199999999999,0.2546,0.260564
16,0.185672,0.220401,0.231144,0.2468,0.2548,0.309842,0.3232,0.321113,0.3209,0.322313,0.310813,0.3232,0.312071,0.3232,0.315142,0.3232,0.319871,0.315271,0.327471,0.325171,0.325271,0.326442,0.315642,0.327471,0.3164,0.327471,0.3185,0.327471,0.3249,0.3133,0.328442,0.3269,0.325642,0.326742,0.313871,0.328442,0.3158,0.328442,0.318313,0.328442,0.326471,0.226103,0.240084,0.251965,0.258525,0.262036
17,0.189944,0.224218,0.235068,0.251832,0.2575,0.313368,0.325768,0.3242,0.3249,0.3262339999999999,0.3136339999999999,0.325768,0.3152,0.325768,0.3185,0.325768,0.322034,0.318,0.3314359999999999,0.328668,0.330134,0.331102,0.3189,0.3314359999999999,0.319302,0.3314359999999999,0.321134,0.3314359999999999,0.3273,0.316668,0.33107,0.328868,0.328434,0.33,0.3168,0.33107,0.317734,0.33107,0.320802,0.33107,0.329168,0.229062,0.2449,0.2541,0.2622,0.264244
18,0.193202,0.2271,0.238572,0.254224,0.259014,0.315791,0.3279,0.3273,0.328697,0.328994,0.315897,0.3279,0.317297,0.3279,0.3209,0.3279,0.324497,0.321497,0.336185,0.332191,0.3344,0.335197,0.321597,0.336185,0.3219,0.336185,0.3236,0.336185,0.331291,0.318797,0.334997,0.331494,0.331197,0.332,0.319197,0.334997,0.320297,0.334997,0.323997,0.334997,0.331585,0.234063,0.248488,0.255755,0.264375,0.2662759999999999
19,0.20034,0.23086,0.24136,0.25834,0.2606,0.3182,0.32994,0.32932,0.3317,0.33072,0.3186,0.32994,0.31932,0.32994,0.3236,0.32994,0.32716,0.32358,0.33856,0.33606,0.3376,0.33894,0.32432,0.33856,0.32486,0.33856,0.32596,0.33856,0.3341,0.32182,0.3368,0.3341,0.33476,0.33642,0.32182,0.3368,0.3224,0.3368,0.3265,0.3368,0.33466,0.23668,0.25272,0.2578,0.2666,0.2714
20,0.207344,0.2344129999999999,0.2443,0.261528,0.2629,0.319723,0.3328,0.3325149999999999,0.3346,0.334646,0.320123,0.3328,0.3218459999999999,0.3328,0.327,0.3328,0.3306,0.326546,0.341323,0.338346,0.3409919999999999,0.342069,0.326423,0.341323,0.328746,0.341323,0.328246,0.341323,0.3362,0.3238229999999999,0.339323,0.3382,0.338192,0.3397,0.3242,0.339323,0.324946,0.339323,0.329,0.339323,0.337323,0.240339,0.257376,0.26,0.268325,0.273684
21,0.2114,0.237866,0.246604,0.2648,0.266166,0.321986,0.336486,0.3348859999999999,0.337,0.3386,0.322186,0.336486,0.3244,0.336486,0.329958,0.336486,0.333644,0.330272,0.344086,0.340572,0.343586,0.344572,0.330272,0.344086,0.331,0.344086,0.332586,0.344086,0.3382,0.3265,0.3425,0.3398859999999999,0.341,0.3418859999999999,0.327086,0.3425,0.3271,0.3425,0.3318,0.3425,0.3388,0.2442959999999999,0.2605,0.26159,0.2714,0.275188
22,0.217834,0.2412,0.250424,0.268204,0.2687,0.324449,0.339298,0.338249,0.3399,0.3408,0.324849,0.339298,0.3264,0.339298,0.331949,0.339298,0.336747,0.332949,0.346549,0.343498,0.3458,0.346,0.332549,0.346549,0.333349,0.346549,0.336649,0.346549,0.340645,0.3301,0.345349,0.342849,0.344398,0.344949,0.331149,0.345349,0.3301,0.345349,0.336049,0.345349,0.340549,0.247557,0.264692,0.265635,0.2754,0.276792
23,0.2228919999999999,0.244424,0.253556,0.2718,0.2712,0.326924,0.341912,0.340848,0.342448,0.342924,0.327624,0.341912,0.32956,0.341912,0.335424,0.341912,0.339724,0.3359,0.348912,0.346412,0.348212,0.3489359999999999,0.334524,0.348912,0.335012,0.348912,0.338512,0.348912,0.344612,0.3333359999999999,0.3479,0.345924,0.346924,0.34762,0.3338,0.3479,0.332912,0.3479,0.3384,0.3479,0.3433,0.251216,0.268296,0.26898,0.2783,0.2777
24,0.2283,0.2485,0.2563,0.2759,0.2737,0.3302,0.3452,0.344025,0.346975,0.3453,0.3305,0.3452,0.332525,0.3452,0.33815,0.3452,0.342325,0.337275,0.3515,0.3484,0.350275,0.3515,0.337775,0.3515,0.337175,0.3515,0.3419,0.3515,0.346875,0.335625,0.350375,0.3498,0.35075,0.351325,0.3362,0.350375,0.3362,0.350375,0.340775,0.350375,0.34635,0.256875,0.2705,0.2714249999999999,0.2802,0.2802
25,0.2318,0.252852,0.2602,0.278624,0.275656,0.3343379999999999,0.347,0.3473,0.3491,0.347738,0.334938,0.347,0.3357759999999999,0.347,0.3414,0.347,0.344838,0.340576,0.353838,0.351252,0.352738,0.3532,0.3404,0.353838,0.3412,0.353838,0.3452,0.353838,0.349,0.338076,0.3533,0.3521,0.353538,0.354914,0.338314,0.3533,0.339676,0.3533,0.343538,0.3533,0.3479379999999999,0.261102,0.2731,0.27407,0.2819,0.2823
26,0.235566,0.258177,0.264576,0.2812,0.277624,0.337601,0.349601,0.3497,0.3505009999999999,0.3501,0.337701,0.349601,0.339102,0.349601,0.344002,0.349601,0.347904,0.3434,0.355801,0.3534029999999999,0.3548,0.3553,0.3434009999999999,0.355801,0.3441,0.355801,0.347304,0.355801,0.351301,0.3418009999999999,0.357302,0.3544,0.3564009999999999,0.357302,0.342102,0.357302,0.342701,0.357302,0.346601,0.357302,0.350601,0.264893,0.2755,0.2762,0.28365,0.288124
27,0.2385239999999999,0.263784,0.268696,0.284216,0.279284,0.339928,0.351628,0.3518,0.3521,0.352364,0.340792,0.351628,0.3415,0.351628,0.346528,0.351628,0.3506,0.3452,0.358,0.3563,0.357428,0.3584,0.346264,0.358,0.346164,0.358,0.351064,0.358,0.354628,0.345564,0.360064,0.35682,0.3592,0.360264,0.345664,0.360064,0.345392,0.360064,0.349564,0.360064,0.353764,0.267504,0.2773,0.27796,0.2858,0.291624
28,0.242382,0.266279,0.275176,0.286596,0.285874,0.344,0.3532,0.353608,0.354054,0.3537,0.343854,0.3532,0.3442,0.3532,0.349254,0.3532,0.352554,0.3489,0.359927,0.358654,0.360027,0.36,0.349354,0.359927,0.348927,0.359927,0.354289,0.359927,0.357227,0.3482,0.362027,0.359027,0.361327,0.362,0.3482,0.362027,0.349427,0.362027,0.351727,0.362027,0.356254,0.270355,0.2793159999999999,0.2803049999999999,0.2898,0.2945319999999999
29,0.24774,0.26879,0.2801599999999999,0.2920399999999999,0.2904,0.3459,0.35459,0.3553,0.3555,0.3553,0.34559,0.35459,0.34719,0.35459,0.35169,0.35459,0.35519,0.3511,0.36139,0.36079,0.3618,0.36149,0.3518,0.36139,0.3519799999999999,0.36139,0.3582,0.36139,0.3605,0.3509699999999999,0.36418,0.3610899999999999,0.3636,0.3635899999999999,0.3513799999999999,0.36418,0.3522699999999999,0.36418,0.35579,0.36418,0.3585699999999999,0.2739599999999999,0.2812,0.2837,0.2946,0.2978599999999999
30,0.2512,0.2727,0.2848279999999999,0.2963,0.299293,0.349153,0.3559,0.3570529999999999,0.357806,0.3566,0.349153,0.3559,0.349753,0.3559,0.3539529999999999,0.3559,0.357806,0.354653,0.3630529999999999,0.362853,0.364,0.363753,0.355853,0.3630529999999999,0.356,0.3630529999999999,0.3610529999999999,0.3630529999999999,0.362153,0.3542,0.3665,0.363006,0.366253,0.365506,0.355853,0.3665,0.356053,0.3665,0.3584529999999999,0.3665,0.3609529999999999,0.276687,0.285412,0.28879,0.298825,0.3025
31,0.257392,0.275932,0.2896,0.300268,0.308484,0.352348,0.357816,0.359316,0.3593,0.3585319999999999,0.352016,0.357816,0.3526,0.357816,0.3571,0.357816,0.360016,0.358516,0.3645,0.364216,0.3657,0.3655,0.358616,0.3645,0.358832,0.3645,0.3639,0.3645,0.363896,0.356616,0.3696,0.3646319999999999,0.368116,0.369,0.3588,0.3696,0.3593,0.3696,0.361848,0.3696,0.3624,0.279364,0.2892559999999999,0.29424,0.3057,0.316656
32,0.261656,0.281383,0.292952,0.302992,0.314597,0.355995,0.359979,0.361079,0.3615,0.3603,0.356079,0.359979,0.3558,0.359979,0.3598,0.359979,0.3614,0.3611,0.3656,0.366258,0.367679,0.3677,0.361579,0.3656,0.361679,0.3656,0.365379,0.3656,0.366358,0.359379,0.370758,0.367058,0.37,0.371137,0.3608,0.370758,0.361579,0.370758,0.3648,0.370758,0.3653,0.282688,0.292616,0.2976,0.3128,0.32156
33,0.2658,0.284068,0.296896,0.304916,0.317302,0.359884,0.362,0.3629,0.363168,0.3622,0.3602,0.362,0.3587,0.362,0.361942,0.362,0.3644,0.364342,0.367642,0.3675,0.3697,0.3698,0.365542,0.367642,0.363942,0.367642,0.367242,0.367642,0.3687,0.3623,0.373,0.369342,0.3719,0.373142,0.3634,0.373,0.3637,0.373,0.367842,0.373,0.369042,0.2865,0.295736,0.30306,0.31545,0.326936
34,0.2689,0.289,0.30018,0.3073599999999999,0.321,0.36211,0.36331,0.364405,0.36501,0.363905,0.362325,0.36331,0.361415,0.36331,0.3665,0.36331,0.3659,0.3683,0.3699,0.3707149999999999,0.3715,0.371505,0.3684,0.3699,0.36781,0.3699,0.37001,0.3699,0.3721049999999999,0.364715,0.3742,0.371515,0.373315,0.3751,0.366,0.3742,0.3661,0.3742,0.3706049999999999,0.3742,0.3726199999999999,0.289195,0.2995,0.307975,0.317675,0.3291199999999999
35,0.273688,0.292572,0.305284,0.309964,0.3247,0.365368,0.365168,0.365736,0.367168,0.365668,0.3665,0.365168,0.366036,0.365168,0.369,0.365168,0.368536,0.372668,0.372536,0.372868,0.3731,0.373272,0.3724,0.372536,0.370568,0.372536,0.3731,0.372536,0.374268,0.367268,0.3761,0.3736,0.3761359999999999,0.376568,0.369172,0.3761,0.368708,0.3761,0.372268,0.3761,0.3759,0.292648,0.302072,0.3129599999999999,0.3211,0.3329879999999999
36,0.276546,0.298074,0.310456,0.3139,0.3295,0.3690239999999999,0.367431,0.368531,0.368431,0.367431,0.3696,0.367431,0.3689,0.367431,0.3714929999999999,0.367431,0.371,0.3766,0.3743,0.3745,0.3743,0.374531,0.3753859999999999,0.3743,0.3741239999999999,0.3743,0.3757,0.3743,0.3766239999999999,0.3722,0.377931,0.3765,0.377662,0.3784,0.3722,0.377931,0.372231,0.377931,0.3747549999999999,0.377931,0.3784,0.2956,0.3067439999999999,0.3166,0.324025,0.335748
37,0.2806,0.302294,0.314832,0.31556,0.335014,0.372794,0.369994,0.3701,0.37,0.369594,0.372988,0.369994,0.3725,0.369994,0.3746,0.369994,0.373794,0.379,0.376094,0.376394,0.3756,0.375788,0.378588,0.376094,0.3772,0.376094,0.377788,0.376094,0.3784,0.377476,0.3794,0.378994,0.3794,0.379788,0.377076,0.3794,0.3757,0.3794,0.377794,0.3794,0.381276,0.299326,0.3116759999999999,0.3222,0.32835,0.3373
38,0.284324,0.307189,0.318564,0.3183,0.340634,0.375528,0.3713,0.3722,0.3716569999999999,0.3710569999999999,0.375528,0.3713,0.3762,0.3713,0.376614,0.3713,0.3763,0.383214,0.3776569999999999,0.3783,0.377057,0.377257,0.3812569999999999,0.3776569999999999,0.380614,0.3776569999999999,0.3793,0.3776569999999999,0.380357,0.3806569999999999,0.3813,0.3815,0.381057,0.380914,0.3801569999999999,0.3813,0.378528,0.3813,0.3797,0.3813,0.3835,0.305104,0.315884,0.326455,0.332625,0.340956
39,0.29014,0.31134,0.32246,0.3225,0.34294,0.37874,0.3728,0.37502,0.37302,0.37262,0.37874,0.3728,0.3794,0.3728,0.37952,0.3728,0.3791,0.38762,0.37894,0.38042,0.37886,0.3788,0.38602,0.37894,0.38282,0.37894,0.38192,0.37894,0.3821,0.38362,0.38254,0.38332,0.38252,0.38254,0.38272,0.38254,0.382,0.38254,0.38186,0.38254,0.3854,0.30896,0.31946,0.331,0.3369,0.3435
40,0.295656,0.316591,0.326008,0.3271,0.3470229999999999,0.381983,0.375283,0.3766,0.375732,0.375383,0.381983,0.375283,0.382983,0.375283,0.382,0.375283,0.381366,0.3909,0.380366,0.3820489999999999,0.3810659999999999,0.379983,0.3886,0.380366,0.386,0.380366,0.3842,0.380366,0.3845,0.386883,0.3845659999999999,0.385483,0.384283,0.3842,0.385483,0.3845659999999999,0.384866,0.3845659999999999,0.384183,0.3845659999999999,0.386966,0.3156,0.323096,0.333445,0.3401,0.3462
41,0.299616,0.3195,0.328896,0.3319,0.3514,0.3856,0.3772459999999999,0.379538,0.3776,0.3777919999999999,0.3858,0.3772459999999999,0.3862919999999999,0.3772459999999999,0.384992,0.3772459999999999,0.3837919999999999,0.393546,0.381592,0.384046,0.3827,0.3818,0.3923,0.381592,0.390046,0.381592,0.385946,0.381592,0.3868919999999999,0.390792,0.3863379999999999,0.3875,0.3862919999999999,0.3857,0.389646,0.3863379999999999,0.388038,0.3863379999999999,0.3868919999999999,0.3863379999999999,0.388946,0.319078,0.3271679999999999,0.3358899999999999,0.34335,0.347468
42,0.304676,0.323665,0.332192,0.334932,0.3575,0.3888089999999999,0.3791,0.381718,0.379718,0.379909,0.388909,0.3791,0.390372,0.3791,0.387,0.3791,0.386418,0.3964089999999999,0.3834,0.3864,0.3848,0.383718,0.395536,0.3834,0.393518,0.3834,0.3882,0.3834,0.389109,0.394727,0.3883089999999999,0.389718,0.3887,0.3879,0.3927,0.3883089999999999,0.393109,0.3883089999999999,0.3901,0.3883089999999999,0.391818,0.322737,0.332444,0.33777,0.346075,0.3488
43,0.309756,0.3274,0.3348,0.3408,0.360664,0.3926,0.381572,0.3844,0.382972,0.382872,0.392988,0.381572,0.393172,0.381572,0.3895,0.381572,0.3884,0.398972,0.385344,0.387844,0.386444,0.3854,0.398772,0.385344,0.397472,0.385344,0.3904,0.385344,0.3906,0.398616,0.390044,0.391172,0.390644,0.389672,0.39626,0.390044,0.3959,0.390044,0.392916,0.390044,0.3944,0.325888,0.3358759999999999,0.34008,0.3489,0.350176
44,0.31583,0.32978,0.33788,0.34548,0.365275,0.395805,0.38367,0.3876,0.3845,0.384335,0.39527,0.38367,0.396205,0.38367,0.391635,0.38367,0.39117,0.4014,0.386735,0.389735,0.388,0.387035,0.4011,0.386735,0.401235,0.386735,0.393535,0.386735,0.392935,0.402105,0.392135,0.39377,0.39224,0.392145,0.401,0.392135,0.399075,0.392135,0.39647,0.392135,0.397,0.329065,0.33896,0.342725,0.3505,0.35148
45,0.3203,0.333946,0.340924,0.348708,0.371652,0.399098,0.386092,0.3897,0.3865,0.386298,0.399396,0.386092,0.399098,0.386092,0.394298,0.386092,0.393196,0.404798,0.388298,0.391896,0.390094,0.389,0.4043,0.388298,0.404198,0.388298,0.397898,0.388298,0.395596,0.406398,0.394096,0.395998,0.3948979999999999,0.3941,0.404992,0.394096,0.402298,0.394096,0.400198,0.394096,0.3993,0.332214,0.343292,0.3455,0.3520999999999999,0.353152
46,0.32533,0.339997,0.3434399999999999,0.35644,0.377182,0.4029659999999999,0.388861,0.3924829999999999,0.389822,0.3895829999999999,0.402161,0.388861,0.402561,0.388861,0.3976439999999999,0.388861,0.3958,0.409361,0.3902609999999999,0.3938,0.3917219999999999,0.390922,0.409261,0.3902609999999999,0.407161,0.3902609999999999,0.401261,0.3902609999999999,0.398422,0.4103219999999999,0.3961,0.398661,0.396761,0.396522,0.4084609999999999,0.3961,0.4056,0.3961,0.402561,0.3961,0.4023219999999999,0.3361,0.34702,0.3470149999999999,0.354575,0.35514
47,0.329684,0.345696,0.347112,0.360552,0.380988,0.4059,0.390948,0.394824,0.3939479999999999,0.393172,0.405948,0.390948,0.404848,0.390948,0.402248,0.390948,0.397924,0.4121,0.392448,0.3956,0.394424,0.393024,0.411524,0.392448,0.409624,0.392448,0.404596,0.392448,0.401424,0.414324,0.3981,0.4017,0.399672,0.398796,0.412496,0.3981,0.409772,0.3981,0.406848,0.3981,0.405524,0.338796,0.351296,0.34926,0.3555,0.358676
48,0.3345939999999999,0.350498,0.348956,0.363252,0.3828,0.409622,0.394387,0.3983,0.3973219999999999,0.395987,0.410031,0.394387,0.408774,0.394387,0.405387,0.394387,0.401048,0.415174,0.394787,0.397874,0.396887,0.395387,0.414774,0.394787,0.412274,0.394787,0.408687,0.394787,0.404948,0.418561,0.4004,0.404374,0.401987,0.4021,0.4165,0.4004,0.413522,0.4004,0.411587,0.4004,0.4079,0.343682,0.354796,0.3515049999999999,0.3574,0.360496
49,0.3413,0.3575,0.3524,0.3723,0.38465,0.41295,0.3969,0.402,0.40015,0.39835,0.41375,0.3969,0.412,0.3969,0.4083,0.3969,0.4047,0.4181,0.39665,0.4017,0.3995,0.39735,0.4171,0.39665,0.4166,0.39665,0.41225,0.39665,0.4081,0.42295,0.40395,0.4078,0.40515,0.4046,0.421,0.40395,0.41755,0.40395,0.4161,0.40395,0.41135,0.34715,0.3575,0.35495,0.36025,0.3629
50,0.3459,0.362401,0.354844,0.3813439999999999,0.3876529999999999,0.417126,0.3996,0.405213,0.402913,0.400713,0.418126,0.3996,0.415226,0.3996,0.412826,0.3996,0.408526,0.4220129999999999,0.4021,0.405113,0.402913,0.4015,0.420626,0.4021,0.418726,0.4021,0.415713,0.4021,0.409639,0.4266,0.4079129999999999,0.411326,0.4082780000000001,0.407326,0.424713,0.4079129999999999,0.422091,0.4079129999999999,0.418639,0.4079129999999999,0.4139,0.3505179999999999,0.360252,0.357085,0.36375,0.364304
51,0.3495,0.368004,0.3573,0.3849,0.3907,0.422128,0.4021,0.4107,0.407028,0.4047,0.4215759999999999,0.4021,0.4189279999999999,0.4021,0.415028,0.4021,0.413204,0.4258,0.405676,0.4079759999999999,0.4088279999999999,0.408008,0.424104,0.405676,0.422276,0.405676,0.4178,0.405676,0.413052,0.4294759999999999,0.411028,0.4133759999999999,0.411452,0.411576,0.427152,0.411028,0.425952,0.411028,0.4220759999999999,0.411028,0.417528,0.354304,0.362704,0.36132,0.3653,0.366108
52,0.355496,0.3712,0.361664,0.390672,0.392859,0.427639,0.405517,0.413656,0.4112,0.408339,0.425839,0.405517,0.4233,0.405517,0.419678,0.405517,0.417239,0.429839,0.4108,0.414339,0.4129730000000001,0.411678,0.427839,0.4108,0.424578,0.4108,0.420539,0.4108,0.415656,0.432817,0.414556,0.4168,0.415478,0.415478,0.431439,0.414556,0.429839,0.414556,0.424739,0.414556,0.420978,0.359127,0.364856,0.36574,0.367725,0.3687
53,0.360528,0.3732,0.367676,0.397072,0.3947,0.432204,0.4086,0.4184179999999999,0.4145,0.411306,0.430204,0.4086,0.427,0.4086,0.4234,0.4086,0.4212,0.434406,0.413604,0.41831,0.416804,0.415402,0.431602,0.413604,0.427402,0.413604,0.4239,0.413604,0.4209,0.436904,0.417604,0.419608,0.4189,0.418702,0.434708,0.417604,0.433002,0.417604,0.4284,0.417604,0.424002,0.365286,0.367808,0.37019,0.37105,0.371216
54,0.3646,0.376405,0.37552,0.40236,0.3963649999999999,0.437565,0.4134649999999999,0.422795,0.417965,0.414365,0.436065,0.4134649999999999,0.430565,0.4134649999999999,0.42666,0.4134649999999999,0.42463,0.437365,0.416965,0.4224,0.419995,0.418365,0.4352,0.416965,0.4308,0.416965,0.42763,0.416965,0.424765,0.44146,0.42166,0.4225,0.42243,0.4222,0.439765,0.42166,0.437495,0.42166,0.4319,0.42166,0.427655,0.36978,0.3707,0.372975,0.374625,0.37514
55,0.369032,0.379656,0.380064,0.406188,0.399068,0.441228,0.4164,0.426412,0.4223240000000001,0.417928,0.439528,0.4164,0.4352,0.4164,0.4313560000000001,0.4164,0.4297,0.442628,0.419828,0.4263,0.424384,0.421856,0.438628,0.419828,0.434256,0.419828,0.4311,0.419828,0.429656,0.4471840000000001,0.4253,0.428528,0.427528,0.426028,0.446428,0.4253,0.441656,0.4253,0.4348,0.4253,0.430728,0.3741320000000001,0.373712,0.37632,0.3781,0.383372
56,0.374606,0.383535,0.388108,0.408268,0.4012,0.444682,0.420691,0.43,0.427555,0.422855,0.4428370000000001,0.420691,0.438291,0.420691,0.4358,0.420691,0.433782,0.447182,0.424791,0.431191,0.427391,0.425773,0.4433,0.424791,0.437673,0.424791,0.434191,0.424791,0.433373,0.450282,0.4273,0.432573,0.431491,0.428255,0.449982,0.4273,0.446764,0.4273,0.439,0.4273,0.434491,0.3789,0.377092,0.381795,0.380225,0.3879560000000001
57,0.3824639999999999,0.3886739999999999,0.396052,0.411392,0.4049,0.450308,0.425662,0.43357,0.4325779999999999,0.42847,0.447308,0.425662,0.441854,0.425662,0.439254,0.425662,0.436754,0.450054,0.428662,0.436054,0.4322539999999999,0.429354,0.44777,0.428662,0.442554,0.428662,0.4376,0.428662,0.436354,0.455308,0.431154,0.437816,0.436454,0.432854,0.453,0.431154,0.4509,0.431154,0.442008,0.431154,0.438962,0.383722,0.3825479999999999,0.38561,0.3841,0.391332
58,0.386944,0.393236,0.403088,0.4158159999999999,0.408577,0.4535,0.431334,0.438617,0.436934,0.432117,0.4514,0.431334,0.446017,0.431334,0.4443679999999999,0.431334,0.4406,0.4531019999999999,0.4321,0.4395679999999999,0.4376,0.4356509999999999,0.4510849999999999,0.4321,0.4453169999999999,0.4321,0.4406509999999999,0.4321,0.4398,0.459317,0.4356509999999999,0.441817,0.4410849999999999,0.440017,0.458068,0.4356509999999999,0.4530679999999999,0.4356509999999999,0.446617,0.4356509999999999,0.4433,0.386981,0.3857679999999999,0.389955,0.392025,0.398036
59,0.3984999999999999,0.3981,0.41118,0.41878,0.41106,0.45888,0.4349,0.4416,0.4403,0.43716,0.4553399999999999,0.4349,0.45074,0.4349,0.44908,0.4349,0.44438,0.4570599999999999,0.4391199999999999,0.4437799999999999,0.4431,0.44038,0.45534,0.4391199999999999,0.4494599999999999,0.4391199999999999,0.4455599999999999,0.4391199999999999,0.44438,0.4647799999999999,0.44138,0.44514,0.44454,0.4436799999999999,0.46274,0.44138,0.45766,0.44138,0.4498,0.44138,0.4474,0.39014,0.3901,0.3941,0.4004,0.4027599999999998
60,0.4037,0.405533,0.4245199999999999,0.4243919999999999,0.418,0.4639,0.440529,0.444986,0.4441,0.441543,0.461172,0.440529,0.454586,0.440529,0.454,0.440529,0.449772,0.463843,0.442486,0.4473,0.4468,0.444443,0.459143,0.442486,0.454286,0.442486,0.4502590000000001,0.442486,0.449743,0.469843,0.4464,0.448986,0.449643,0.447829,0.467943,0.4464,0.4631,0.4464,0.456986,0.4464,0.453573,0.3937,0.3953,0.39859,0.4097,0.409
61,0.409368,0.4127919999999998,0.432712,0.431264,0.4225,0.4688299999999999,0.446206,0.4492179999999999,0.447936,0.4463239999999999,0.4649,0.446206,0.459124,0.446206,0.4579299999999999,0.446206,0.454018,0.4690239999999999,0.447924,0.452612,0.450312,0.450006,0.466518,0.447924,0.459106,0.447924,0.4571479999999999,0.447924,0.456512,0.4757,0.4504,0.456006,0.454012,0.4532,0.4734299999999999,0.4504,0.468042,0.4504,0.461506,0.4504,0.461006,0.397558,0.398924,0.40446,0.41505,0.414948
62,0.41527,0.4212,0.446116,0.436124,0.425989,0.474538,0.450676,0.4553,0.453269,0.450669,0.471614,0.450676,0.465138,0.450676,0.463107,0.450676,0.459969,0.476769,0.453069,0.458038,0.454507,0.453545,0.472445,0.453069,0.466638,0.453069,0.464038,0.453069,0.461669,0.4809,0.455269,0.4591,0.459321,0.456569,0.479238,0.455269,0.474707,0.455269,0.4663,0.455269,0.466238,0.4020850000000001,0.402752,0.41197,0.421075,0.419908
63,0.421048,0.432864,0.454732,0.443072,0.429084,0.47936,0.454632,0.459696,0.4593959999999999,0.455932,0.475892,0.454632,0.471964,0.454632,0.466232,0.454632,0.464564,0.484828,0.456628,0.4635919999999999,0.460696,0.458532,0.4808559999999999,0.456628,0.4738639999999999,0.456628,0.4694319999999999,0.456628,0.4673,0.48646,0.459564,0.467796,0.46696,0.4620119999999999,0.485132,0.459564,0.479796,0.459564,0.474,0.459564,0.471632,0.407252,0.407812,0.4190399999999999,0.4291,0.422312
64,0.42965,0.44306,0.4604,0.45076,0.43588,0.4842,0.4597,0.4678,0.46359,0.46167,0.48299,0.4597,0.478665,0.4597,0.471995,0.4597,0.470785,0.491585,0.4601,0.471695,0.46688,0.4634,0.487385,0.4601,0.479785,0.4601,0.474665,0.4601,0.476895,0.494965,0.4642,0.475495,0.47259,0.468395,0.49196,0.4642,0.485295,0.4642,0.477495,0.4642,0.476395,0.412735,0.41508,0.425875,0.4334249999999999,0.4309800000000002
65,0.438668,0.4569240000000001,0.4662239999999999,0.4576880000000001,0.440798,0.495116,0.466274,0.475216,0.4713700000000002,0.4678,0.4902,0.466274,0.483158,0.466274,0.475774,0.466274,0.4795,0.5025220000000001,0.467274,0.4804480000000001,0.4765800000000001,0.47,0.494974,0.467274,0.486258,0.467274,0.479816,0.467274,0.482158,0.502332,0.471416,0.4823220000000001,0.481806,0.474458,0.500058,0.471416,0.4905320000000001,0.471416,0.4831480000000001,0.471416,0.482174,0.41897,0.4257,0.4364,0.43815,0.4466480000000001
66,0.44573,0.465234,0.477996,0.466624,0.446107,0.501042,0.473484,0.481763,0.477526,0.474921,0.498205,0.473484,0.490442,0.473484,0.483063,0.473484,0.486342,0.507021,0.473742,0.486642,0.483984,0.4795990000000001,0.503963,0.473742,0.493184,0.473742,0.487242,0.473742,0.488305,0.509242,0.482342,0.488221,0.486547,0.484184,0.5072780000000001,0.482342,0.500221,0.482342,0.4887,0.482342,0.488921,0.425459,0.431468,0.4448,0.443075,0.454904
67,0.451644,0.474168,0.485792,0.4781240000000001,0.4598360000000016,0.5079720000000001,0.479,0.487784,0.484868,0.482068,0.5030680000000001,0.479,0.4987040000000001,0.479,0.4894880000000001,0.479,0.491668,0.5127040000000002,0.483584,0.4928,0.490968,0.487068,0.5083,0.483584,0.5004880000000002,0.483584,0.494104,0.483584,0.493184,0.5153,0.487768,0.4946,0.491984,0.490436,0.5139040000000001,0.487768,0.5067880000000001,0.487768,0.493052,0.487768,0.495552,0.433772,0.444208,0.45172,0.4476,0.4639
68,0.463202,0.482219,0.4948599999999999,0.484612,0.5051889999999999,0.5188470000000001,0.4870469999999999,0.4946469999999999,0.4911409999999999,0.4894879999999999,0.5133939999999999,0.4870469999999999,0.5056470000000001,0.4870469999999999,0.4955289999999998,0.4870469999999999,0.4968,0.5195409999999999,0.4883879999999999,0.4978879999999999,0.4954939999999999,0.493094,0.5165409999999999,0.4883879999999999,0.5085349999999998,0.4883879999999999,0.5012879999999998,0.4883879999999999,0.500247,0.5204,0.4964759999999998,0.5011,0.4987409999999999,0.4992289999999998,0.518,0.4964759999999998,0.512247,0.4964759999999998,0.500741,0.4964759999999998,0.5006470000000001,0.4419419999999999,0.4560919999999999,0.4578299999999999,0.4559499999999999,0.4698
69,0.46926,0.4920699999999999,0.50198,0.4945799999999999,0.51752,0.52925,0.4936,0.5019,0.49853,0.4951299999999999,0.5226799999999998,0.4936,0.51425,0.4936,0.50201,0.4936,0.5037699999999999,0.53043,0.4960199999999999,0.5012099999999999,0.5005299999999999,0.49851,0.52496,0.4960199999999999,0.5193899999999999,0.4960199999999999,0.50794,0.4960199999999999,0.50483,0.5296,0.5045699999999999,0.5064099999999999,0.50711,0.5067,0.526,0.5045699999999999,0.51908,0.5045699999999999,0.51132,0.5045699999999999,0.5085299999999999,0.44808,0.4634799999999999,0.469,0.4675,0.473
70,0.4776,0.503521,0.5118640000000001,0.5039,0.5352819999999998,0.536138,0.499946,0.505884,0.502573,0.500419,0.530746,0.499946,0.526103,0.499946,0.513565,0.499946,0.510265,0.538292,0.503965,0.505746,0.506773,0.504173,0.534946,0.503965,0.5305300000000001,0.503965,0.513946,0.503965,0.510949,0.537946,0.510173,0.5117,0.512273,0.510892,0.533246,0.510173,0.529211,0.510173,0.517611,0.510173,0.516565,0.456078,0.470176,0.4744849999999999,0.4797249999999999,0.4794839999999999
71,0.489756,0.5120600000000001,0.524368,0.5095,0.542316,0.5457,0.505508,0.509844,0.507136,0.5068360000000001,0.5389079999999999,0.505508,0.5353,0.505508,0.525872,0.505508,0.516636,0.54508,0.5093,0.5108360000000001,0.5096,0.509172,0.5416,0.5093,0.537436,0.5093,0.523072,0.5093,0.51718,0.547588,0.5146799999999999,0.5167239999999999,0.517236,0.516072,0.543152,0.5146799999999999,0.5393519999999999,0.5146799999999999,0.5298,0.5146799999999999,0.5244719999999999,0.466376,0.4785,0.4809999999999999,0.486,0.4853919999999999
72,0.497534,0.5216149999999999,0.530936,0.52046,0.549538,0.553095,0.509299,0.516298,0.5103,0.5111,0.550096,0.509299,0.5457,0.509299,0.532799,0.509299,0.5239,0.552299,0.5133989999999999,0.5179980000000001,0.5139,0.512897,0.5506909999999999,0.5133989999999999,0.5454,0.5133989999999999,0.531685,0.5133989999999999,0.523996,0.5567989999999999,0.5209980000000001,0.525899,0.523398,0.522992,0.552197,0.5209980000000001,0.5454,0.5209980000000001,0.5388930000000001,0.5209980000000001,0.5313,0.4777679999999998,0.484196,0.4912049999999999,0.492225,0.4947200000000001
73,0.507684,0.5338,0.537836,0.546292,0.5583,0.559986,0.514162,0.5233859999999999,0.515462,0.5154479999999999,0.5576479999999999,0.514162,0.5542,0.514162,0.5380240000000001,0.514162,0.531062,0.559162,0.518362,0.523724,0.5196,0.518786,0.5584339999999999,0.518362,0.55381,0.518362,0.5412819999999998,0.518362,0.5343479999999999,0.5646859999999999,0.526748,0.5345859999999999,0.527324,0.5277,0.5613859999999999,0.526748,0.555962,0.526748,0.5465,0.526748,0.539062,0.487266,0.489208,0.49952,0.50065,0.50078
74,0.5174,0.544525,0.5495,0.5616,0.5651999999999999,0.571375,0.5191250000000001,0.5299,0.524025,0.5205,0.565975,0.5191250000000001,0.561125,0.5191250000000001,0.5450250000000001,0.5191250000000001,0.54005,0.575975,0.524775,0.5360499999999999,0.5262249999999999,0.525625,0.5704250000000001,0.524775,0.5611499999999999,0.524775,0.5560499999999999,0.524775,0.547525,0.57295,0.53295,0.540375,0.5337999999999999,0.5335,0.572325,0.53295,0.565625,0.53295,0.5562,0.53295,0.554125,0.49465,0.4982,0.506275,0.5104500000000001,0.5057
75,0.5305399999999999,0.5607759999999999,0.5627240000000001,0.5776680000000001,0.5742,0.5813920000000001,0.5255160000000001,0.537552,0.5321640000000001,0.52744,0.5773280000000001,0.5255160000000001,0.5689879999999999,0.5255160000000001,0.555688,0.5255160000000001,0.546752,0.585828,0.5314,0.544328,0.5351,0.532176,0.581888,0.5314,0.572428,0.5314,0.5623400000000001,0.5314,0.556752,0.5851640000000001,0.537888,0.5466759999999999,0.542664,0.539216,0.582376,0.537888,0.5741280000000001,0.537888,0.566316,0.537888,0.5620280000000001,0.5018199999999999,0.508796,0.51312,0.5228,0.5146
76,0.548266,0.569608,0.5807920000000001,0.590436,0.5816479999999999,0.590153,0.531202,0.546102,0.540102,0.534551,0.5866,0.531202,0.577353,0.531202,0.562353,0.531202,0.556155,0.5945550000000001,0.538359,0.5515,0.543408,0.539102,0.591051,0.538359,0.583506,0.538359,0.572155,0.538359,0.562004,0.593504,0.545253,0.5606019999999999,0.552255,0.546416,0.590708,0.545253,0.584161,0.545253,0.576253,0.545253,0.567402,0.5087430000000001,0.524028,0.5228,0.5297499999999999,0.5226
77,0.5583480000000001,0.5798559999999999,0.5910240000000001,0.6059240000000001,0.6013400000000001,0.597214,0.538128,0.552628,0.5436139999999999,0.540014,0.5931,0.538128,0.5881,0.538128,0.570414,0.538128,0.563342,0.602742,0.5503120000000001,0.5621,0.5567840000000001,0.551,0.598314,0.5503120000000001,0.5919260000000001,0.5503120000000001,0.579442,0.5503120000000001,0.5684980000000001,0.603728,0.555442,0.5686400000000001,0.5613120000000001,0.5564560000000001,0.602714,0.555442,0.5938,0.555442,0.584128,0.555442,0.577856,0.513808,0.53168,0.5320300000000001,0.53705,0.526612
78,0.5738940000000003,0.593293,0.605452,0.617152,0.6218550000000002,0.604654,0.544654,0.560816,0.551354,0.548577,0.6023540000000001,0.544654,0.594931,0.544654,0.575831,0.544654,0.568739,0.611862,0.558031,0.570785,0.564754,0.561285,0.605316,0.558031,0.5993080000000001,0.558031,0.585077,0.558031,0.578431,0.616516,0.562931,0.578954,0.5686159999999999,0.564462,0.611939,0.562931,0.606062,0.562931,0.5911620000000001,0.562931,0.587816,0.521761,0.538516,0.5390550000000001,0.5431,0.5311480000000001
79,0.5916800000000003,0.6072800000000002,0.61558,0.6326,0.6401,0.61402,0.5524200000000001,0.5678,0.5611400000000001,0.55554,0.6098,0.5524200000000001,0.60304,0.5524200000000001,0.58248,0.5524200000000001,0.5757,0.62126,0.5661400000000001,0.57914,0.5709200000000001,0.56774,0.6166200000000001,0.5661400000000001,0.60928,0.5661400000000001,0.59336,0.5661400000000001,0.58824,0.6227800000000001,0.571,0.58674,0.57886,0.57142,0.62024,0.571,0.6127,0.571,0.60204,0.571,0.5976200000000002,0.5291,0.54754,0.5446,0.5472,0.53712
80,0.608874,0.6271,0.627128,0.645432,0.6480290000000001,0.6250270000000002,0.5600150000000002,0.5757180000000001,0.5687,0.5636,0.6205180000000001,0.5600150000000002,0.613218,0.5600150000000002,0.591003,0.5600150000000002,0.5858210000000001,0.6297150000000001,0.5712750000000005,0.5875060000000001,0.5790029999999999,0.575503,0.6250210000000002,0.5712750000000005,0.620209,0.5712750000000005,0.6014450000000003,0.5712750000000005,0.5966120000000001,0.6334029999999999,0.5780330000000001,0.5977,0.5876,0.583009,0.631109,0.5780330000000001,0.6224029999999999,0.5780330000000001,0.6109,0.5780330000000001,0.605103,0.5423740000000001,0.554112,0.55058,0.5511250000000001,0.5413
81,0.6252559999999999,0.637712,0.6436559999999999,0.6516359999999999,0.6600059999999998,0.632732,0.5673259999999998,0.5855319999999999,0.5757,0.5690959999999999,0.632366,0.5673259999999998,0.623262,0.5673259999999998,0.601398,0.5673259999999998,0.5934599999999999,0.640798,0.5812279999999999,0.6008,0.5885879999999997,0.5834299999999999,0.6379299999999999,0.5812279999999999,0.6290959999999999,0.5812279999999999,0.6117,0.5812279999999999,0.6083259999999998,0.641166,0.5869939999999999,0.6032959999999999,0.593298,0.5900939999999999,0.6408959999999999,0.5869939999999999,0.633466,0.5869939999999999,0.6201639999999999,0.5869939999999999,0.6126619999999999,0.551176,0.5598279999999999,0.55606,0.5558,0.5480759999999999
82,0.6410819999999998,0.652733,0.6585519999999999,0.660984,0.673845,0.643358,0.577429,0.601887,0.58969,0.580129,0.6428,0.577429,0.634016,0.577429,0.613429,0.577429,0.608777,0.653345,0.587793,0.606487,0.5968289999999999,0.590687,0.646274,0.587793,0.640687,0.587793,0.6200289999999999,0.587793,0.6171289999999999,0.6534289999999999,0.5966,0.613787,0.603,0.598258,0.649229,0.5966,0.645006,0.5966,0.6282,0.5966,0.622216,0.561191,0.5666,0.5590449999999999,0.5603,0.556928
83,0.667688,0.6658879999999999,0.6671520000000001,0.6785199999999993,0.682252,0.652376,0.587492,0.608092,0.598252,0.591584,0.6532279999999998,0.587492,0.641776,0.587492,0.624076,0.587492,0.6206239999999997,0.664276,0.5941679999999999,0.6160199999999998,0.605484,0.5978439999999999,0.657892,0.5941679999999999,0.650176,0.5941679999999999,0.6328199999999998,0.5941679999999999,0.623776,0.661892,0.6037039999999998,0.622568,0.613984,0.607692,0.659784,0.6037039999999998,0.656952,0.6037039999999998,0.638668,0.6037039999999998,0.633,0.5697559999999999,0.572236,0.56778,0.5705,0.564808
84,0.67914,0.6852,0.6803799999999999,0.6988399999999999,0.695555,0.6647099999999999,0.597,0.6207550000000001,0.6096550000000001,0.601655,0.66362,0.597,0.654465,0.597,0.641555,0.597,0.6316,0.6719,0.60172,0.6235550000000001,0.6141,0.6045,0.6680849999999999,0.60172,0.66277,0.60172,0.64425,0.60172,0.6367499999999999,0.668065,0.6140249999999999,0.631675,0.621355,0.6145,0.668065,0.6140249999999999,0.6654749999999999,0.6140249999999999,0.648265,0.6140249999999999,0.6395099999999999,0.5811449999999999,0.57918,0.57785,0.577625,0.56834
85,0.6907519999999999,0.6981459999999999,0.6978239999999999,0.7088,0.705174,0.675318,0.6077720000000001,0.6288980000000001,0.6178980000000001,0.611172,0.6749900000000001,0.6077720000000001,0.6660900000000001,0.6077720000000001,0.649354,0.6077720000000001,0.6396620000000001,0.677518,0.6111880000000001,0.632444,0.624354,0.615244,0.675918,0.6111880000000001,0.673636,0.6111880000000001,0.6540720000000001,0.6111880000000001,0.643718,0.6777620000000001,0.6235720000000001,0.641618,0.6331260000000001,0.624326,0.67769,0.6235720000000001,0.671018,0.6235720000000001,0.6579720000000001,0.6235720000000001,0.6519,0.5918840000000001,0.58652,0.58726,0.5933999999999999,0.580944
86,0.71006,0.714574,0.71192,0.7178399999999999,0.721205,0.688462,0.617281,0.640581,0.6255620000000001,0.6204810000000001,0.6858199999999999,0.617281,0.6819810000000001,0.617281,0.663091,0.617281,0.6511859999999999,0.684681,0.622981,0.6400859999999999,0.633381,0.627481,0.681843,0.622981,0.677862,0.622981,0.663615,0.622981,0.650143,0.687429,0.6330669999999999,0.6496620000000001,0.640824,0.633443,0.6853,0.6330669999999999,0.681343,0.6330669999999999,0.6665049999999999,0.6330669999999999,0.658472,0.605166,0.5963,0.6065,0.60985,0.595328
87,0.728828,0.7279640000000003,0.728164,0.73026,0.7290400000000001,0.698844,0.623132,0.649076,0.6378199999999999,0.63042,0.695432,0.623132,0.6928040000000001,0.623132,0.674788,0.623132,0.660108,0.6963720000000001,0.631288,0.6504160000000001,0.641488,0.6383,0.694,0.631288,0.686408,0.631288,0.6722,0.631288,0.66132,0.698132,0.6404280000000001,0.656532,0.6517,0.6460440000000001,0.6929680000000001,0.6404280000000001,0.6893440000000001,0.6404280000000001,0.6762640000000001,0.6404280000000001,0.668632,0.6196080000000002,0.6082759999999999,0.62338,0.6258,0.622012
88,0.7504780000000002,0.741939,0.7420640000000001,0.7399600000000002,0.742003,0.7091909999999999,0.632628,0.657428,0.648007,0.638721,0.7060069999999999,0.632628,0.7014699999999999,0.632628,0.683042,0.632628,0.6677069999999999,0.707321,0.642207,0.662921,0.6533209999999999,0.648628,0.703221,0.642207,0.6940209999999999,0.642207,0.6801,0.642207,0.673514,0.7083699999999999,0.6460329999999999,0.667156,0.659121,0.654007,0.703549,0.6460329999999999,0.6981049999999999,0.6460329999999999,0.686014,0.6460329999999999,0.676628,0.641406,0.6253199999999999,0.64942,0.639775,0.648268
89,0.7628,0.7653000000000004,0.7569400000000001,0.7559600000000001,0.7590700000000001,0.72463,0.64402,0.6709700000000001,0.65754,0.6507700000000001,0.71594,0.64402,0.7113700000000001,0.64402,0.6921900000000001,0.64402,0.6833,0.71394,0.65284,0.67027,0.66145,0.6575700000000001,0.71167,0.65284,0.70445,0.65284,0.69137,0.65284,0.6830700000000001,0.72336,0.65874,0.6754100000000001,0.66878,0.66262,0.71524,0.65874,0.71153,0.65874,0.69585,0.65874,0.68662,0.65822,0.6535599999999998,0.6639,0.6524000000000001,0.6749200000000001
90,0.779778,0.7865840000000002,0.7876359999999997,0.769184,0.801387,0.7382980000000001,0.653799,0.6816640000000002,0.6701330000000001,0.6614980000000001,0.7308630000000002,0.653799,0.727365,0.653799,0.7103650000000001,0.653799,0.6959960000000002,0.723632,0.658,0.6809320000000001,0.671533,0.6671630000000002,0.7198,0.658,0.7138,0.658,0.7033330000000001,0.658,0.6947950000000003,0.7352,0.669166,0.6830330000000001,0.675999,0.672066,0.728166,0.669166,0.7264660000000001,0.669166,0.7074330000000001,0.669166,0.6941660000000001,0.6785350000000001,0.6839200000000002,0.6792900000000001,0.66755,0.6828800000000002
91,0.8077840000000003,0.8110720000000001,0.833092,0.8151320000000001,0.838408,0.75308,0.664884,0.6963680000000001,0.684424,0.67548,0.751192,0.664884,0.7419,0.664884,0.7266,0.664884,0.708696,0.735988,0.6693600000000001,0.691192,0.6798919999999999,0.675696,0.731688,0.6693600000000001,0.729592,0.6693600000000001,0.715996,0.6693600000000001,0.705896,0.749192,0.6769640000000001,0.690896,0.684852,0.6847759999999999,0.74518,0.6769640000000001,0.737392,0.6769640000000001,0.721596,0.6769640000000001,0.7040839999999999,0.6973159999999999,0.7182920000000002,0.6914600000000002,0.6872,0.706844
92,0.8432140000000002,0.856716,0.8467680000000001,0.8583280000000001,0.8747480000000021,0.768518,0.6787030000000003,0.7109950000000002,0.6980950000000001,0.6917080000000002,0.7664130000000001,0.6787030000000003,0.7570490000000001,0.6787030000000003,0.7380130000000001,0.6787030000000003,0.7239900000000002,0.7536620000000003,0.6799,0.704977,0.6942800000000003,0.6862440000000002,0.7461440000000003,0.6799,0.745777,0.6799,0.7297720000000001,0.6799,0.7194900000000002,0.7702440000000003,0.687436,0.7018520000000004,0.6967570000000003,0.693777,0.759518,0.687436,0.7515900000000002,0.687436,0.7314590000000001,0.687436,0.7176130000000001,0.7243880000000003,0.73628,0.7094400000000003,0.724125,0.7338760000000001
93,0.8804319999999998,0.8770639999999998,0.8727279999999997,0.8972039999999999,0.896164,0.7964419999999998,0.7054839999999996,0.7308659999999999,0.7200319999999999,0.7124059999999995,0.7865199999999998,0.7054839999999996,0.7775439999999999,0.7054839999999996,0.7555139999999992,0.7054839999999996,0.7440319999999999,0.7815499999999995,0.7014079999999997,0.722344,0.7152539999999998,0.7023839999999996,0.7706599999999995,0.7014079999999997,0.7611059999999996,0.7014079999999997,0.7476619999999996,0.7014079999999997,0.7326299999999997,0.7921059999999995,0.7109439999999999,0.719266,0.7147759999999999,0.7119719999999995,0.7803959999999996,0.7109439999999999,0.7733659999999999,0.7109439999999999,0.7490499999999984,0.7109439999999999,0.7371859999999998,0.7618359999999997,0.7574159999999996,0.744,0.76095,0.7490680000000001
94,0.94236,0.9245549999999992,0.90262,0.91962,0.910485,0.82134,0.72771,0.7530849999999998,0.7428549999999998,0.7380499999999999,0.8176849999999998,0.72771,0.7971799999999999,0.72771,0.782885,0.72771,0.7659249999999995,0.8003149999999998,0.7414049999999995,0.74747,0.7452399999999998,0.7369499999999999,0.7973699999999998,0.7414049999999995,0.7873399999999999,0.7414049999999995,0.779885,0.7414049999999995,0.7633399999999996,0.81101,0.7410749999999997,0.7420099999999997,0.7397549999999999,0.7368149999999997,0.799685,0.7410749999999997,0.7910649999999999,0.7410749999999997,0.7744949999999999,0.7410749999999997,0.7539649999999999,0.820835,0.7799399999999999,0.779275,0.776875,0.77364
95,1.0018919999999991,0.983456,1.000756,0.959072,0.968128,0.861884,0.7567520000000001,0.77722,0.765696,0.755,0.851708,0.7567520000000001,0.833244,0.7567520000000001,0.8221,0.7567520000000001,0.792224,0.8408920000000001,0.7607440000000001,0.77536,0.7697360000000001,0.762104,0.822672,0.7607440000000001,0.813028,0.7607440000000001,0.800896,0.7607440000000001,0.78656,0.838012,0.7707120000000001,0.768992,0.767448,0.768,0.82308,0.7707120000000001,0.8112480000000001,0.7707120000000001,0.794296,0.7707120000000001,0.7764560000000001,0.8926919999999999,0.8725039999999998,0.8631799999999991,0.7994,0.8279399999999999
96,1.123986,1.0995100000000002,1.055168,1.0719079999999992,1.0834229999999994,0.9265079999999998,0.7836549999999999,0.8026329999999999,0.7930659999999999,0.788322,0.9016979999999998,0.7836549999999999,0.8716659999999999,0.7836549999999999,0.8488769999999999,0.7836549999999999,0.823699,0.8888289999999995,0.7794759999999998,0.7945739999999997,0.7892559999999991,0.7863549999999999,0.8822379999999994,0.7794759999999998,0.8590059999999986,0.7794759999999998,0.8279209999999999,0.7794759999999998,0.811511,0.8950629999999997,0.7987549999999999,0.8027709999999995,0.8006199999999998,0.799211,0.8764069999999996,0.7987549999999999,0.8443969999999997,0.7987549999999999,0.8186629999999997,0.7987549999999999,0.8104869999999998,1.001627,0.9756760000000002,0.9223549999999994,0.9245,0.926651999999999
97,1.3044959999999983,1.29208,1.305083999999997,1.243116,1.212378000000001,0.987918,0.8176580000000001,0.841474,0.832398,0.8246640000000001,0.981932,0.8176580000000001,0.954224,0.8176580000000001,0.886872,0.8176580000000001,0.858048,1.004152,0.813522,0.844446,0.8306660000000001,0.8188660000000001,0.989312,0.813522,0.947866,0.813522,0.88687,0.813522,0.853444,1.027776,0.840618,0.848062,0.8488359999999999,0.83625,1.0065240000000002,0.840618,0.943452,0.840618,0.891232,0.840618,0.8501540000000001,1.1774059999999995,1.1036200000000005,1.1187399999999994,1.05315,1.0248640000000009
98,1.6002880000000017,1.5387270000000002,1.5424159999999998,1.3894,1.361797,1.1115379999999992,0.9019529999999992,0.921022,0.9160249999999998,0.9048909999999996,1.0835949999999996,0.9019529999999992,1.010999999999998,0.9019529999999992,0.9523669999999969,0.9019529999999992,0.932033,1.113296999999999,0.8929319999999996,0.912774,0.9166469999999995,0.8907269999999993,1.0898269999999992,0.8929319999999996,1.052111999999999,0.8929319999999996,0.9774219999999988,0.8929319999999996,0.9268939999999992,1.1746,0.918581,0.9437389999999984,0.9381619999999986,0.9201349999999994,1.1192689999999994,0.918581,1.0960899999999982,0.918581,1.0148909999999995,0.918581,0.964796,1.283674,1.233876,1.205945,1.158725,1.120556
