percentiles,hv10,hv20,hv30,ivcall10,ivcall1080,ivcall120,ivcall150,ivcall180,ivcall20,ivcall270,ivcall30,ivcall360,ivcall60,ivcall720,ivcall90,ivmean10,ivmean1080,ivmean120,ivmean150,ivmean180,ivmean20,ivmean270,ivmean30,ivmean360,ivmean60,ivmean720,ivmean90,ivput10,ivput1080,ivput120,ivput150,ivput180,ivput20,ivput270,ivput30,ivput360,ivput60,ivput720,ivput90,phv10,phv20,phv30
0,0.10634,0.16024,0.186014,0.2658,0.31418,0.3482,0.3519,0.35198,0.29076,0.3528199999999999,0.29894,0.35132,0.31886,0.31932,0.33706,0.26868,0.31952,0.35022,0.35292,0.35242,0.29052,0.35452,0.29706,0.35344,0.32128,0.32272,0.33694,0.27166,0.32348,0.34738,0.3513,0.3517599999999999,0.28764,0.35344,0.29548,0.3511599999999999,0.31834,0.32602,0.33602,0.17602,0.200505,0.205116
1,0.12618,0.180796,0.19277,0.28248,0.3232399999999999,0.3580399999999999,0.35884,0.35888,0.29858,0.36322,0.305,0.35774,0.33134,0.32584,0.348,0.28056,0.32864,0.3602599999999999,0.35942,0.359,0.29964,0.36418,0.3067,0.3584799999999999,0.3312799999999999,0.33052,0.34768,0.27808,0.33216,0.359,0.35712,0.3581,0.29694,0.3610399999999999,0.30474,0.35768,0.3287,0.33498,0.34696,0.19192,0.20839,0.210216
2,0.1419,0.190042,0.204442,0.28946,0.328,0.3666,0.36604,0.36372,0.30354,0.36918,0.3118,0.36578,0.33716,0.3329,0.35398,0.2903,0.33256,0.36696,0.3681,0.364,0.30366,0.3701,0.3121,0.36456,0.33714,0.33716,0.35488,0.28986,0.33846,0.36546,0.36834,0.36328,0.30184,0.3678,0.31152,0.36276,0.33468,0.3403,0.3545999999999999,0.19966,0.2116,0.216168
3,0.15728,0.199024,0.217856,0.29628,0.33574,0.3697,0.37218,0.3721799999999999,0.30744,0.37338,0.31866,0.3705,0.3426,0.33976,0.36196,0.29656,0.3395,0.37128,0.37216,0.37256,0.30828,0.3726,0.3174,0.3714,0.34224,0.34516,0.36266,0.2944199999999999,0.34412,0.3696,0.3720799999999999,0.3716,0.3075199999999999,0.37146,0.31536,0.36818,0.3402799999999999,0.34878,0.36272,0.20696,0.2158,0.2227
4,0.1662,0.20707,0.224375,0.3005,0.3601,0.3734,0.3757,0.3762,0.312,0.3756,0.3227,0.3766,0.346,0.364,0.3662,0.3014,0.3668,0.374,0.3764,0.3773,0.3126,0.3751,0.322,0.3756,0.345,0.3682,0.367,0.2994,0.3576,0.373,0.3745,0.375,0.3107,0.3738,0.32,0.373,0.3452,0.3582,0.3667,0.2108,0.219675,0.2266
5,0.1755199999999999,0.2114,0.23013,0.30386,0.38214,0.3759,0.37834,0.37972,0.31658,0.37862,0.3265,0.38018,0.34938,0.38214,0.36934,0.3059,0.38302,0.3768,0.379,0.37926,0.31612,0.37744,0.3268999999999999,0.37884,0.3496,0.38292,0.36962,0.30542,0.37332,0.3758,0.37736,0.37862,0.31594,0.37642,0.324,0.3763,0.34732,0.37344,0.36892,0.2159,0.2247,0.234248
6,0.17994,0.218998,0.2402,0.3080799999999999,0.38834,0.37934,0.38114,0.3816,0.32006,0.38098,0.33148,0.383,0.35392,0.38834,0.3721,0.30944,0.3875,0.3792,0.38018,0.381,0.32,0.38024,0.33114,0.382,0.35284,0.3875,0.3715799999999999,0.31038,0.37964,0.3778,0.3797,0.38034,0.3192,0.37818,0.32946,0.37974,0.35108,0.3806,0.3711,0.21936,0.2304,0.240756
7,0.1862,0.2249479999999999,0.247012,0.31098,0.3916,0.3811,0.38246,0.3833,0.32462,0.38298,0.33536,0.3845,0.3571,0.3916,0.37506,0.3134,0.3903,0.38096,0.38256,0.3826,0.324,0.3818,0.33492,0.384,0.35706,0.3903,0.37504,0.31376,0.3843,0.38068,0.38186,0.3823,0.32372,0.3802,0.33446,0.3817,0.35506,0.3846799999999999,0.37292,0.22192,0.23762,0.245164
8,0.19174,0.228926,0.253963,0.3141799999999999,0.39588,0.3835,0.3845,0.38548,0.32988,0.3846799999999999,0.33856,0.38654,0.3608,0.39588,0.37846,0.31748,0.39398,0.38308,0.38446,0.38452,0.32946,0.38408,0.339,0.38616,0.3596,0.39398,0.3776799999999999,0.3186,0.38784,0.38208,0.3832799999999999,0.38308,0.3283,0.3821799999999999,0.33796,0.384,0.35794,0.3887199999999999,0.37634,0.2260599999999999,0.243275,0.2482
9,0.1977,0.23478,0.25945,0.3196,0.3972,0.3857,0.3867,0.3874,0.3342,0.3863,0.3414,0.3882,0.3653,0.3975,0.3809,0.3214,0.396,0.3853,0.3862,0.3865,0.335,0.3859,0.3435,0.3875,0.3635,0.3956,0.38,0.3214,0.3909,0.3841,0.3851,0.3844,0.3344,0.384,0.3442,0.3854,0.3618,0.3919,0.3789,0.2296,0.24755,0.25378
10,0.20248,0.239308,0.2634,0.3227,0.3993,0.38762,0.3883,0.3892,0.3374399999999999,0.38772,0.34558,0.38982,0.36842,0.39954,0.3827,0.32522,0.39802,0.38682,0.3878,0.38802,0.33856,0.38722,0.3470399999999999,0.389,0.36702,0.39802,0.3829,0.3249,0.3937,0.38582,0.3865,0.3862,0.3383,0.3856,0.34724,0.38712,0.36502,0.3937,0.38128,0.23324,0.25243,0.259164
11,0.20808,0.2460439999999999,0.2673,0.3266,0.40124,0.38934,0.3906799999999999,0.39098,0.34178,0.3892,0.3493,0.3918,0.3725799999999999,0.40164,0.38514,0.3281799999999999,0.39974,0.38852,0.3892,0.38954,0.34268,0.38914,0.35,0.39094,0.3712,0.4,0.38534,0.32644,0.39514,0.3874,0.38804,0.38844,0.34018,0.38754,0.35054,0.3894,0.36948,0.3953399999999999,0.3837399999999999,0.23624,0.25456,0.264088
12,0.21056,0.250982,0.2704,0.32978,0.40246,0.3912,0.39246,0.3932,0.34442,0.39142,0.35168,0.39356,0.3748,0.4026,0.38762,0.331,0.401,0.39036,0.39036,0.3925,0.34532,0.39056,0.35392,0.3928,0.37566,0.40126,0.3866,0.32946,0.3979,0.3884,0.38966,0.39072,0.34326,0.38936,0.354,0.3915,0.37336,0.39782,0.3856,0.24086,0.257295,0.267432
13,0.21538,0.25486,0.273396,0.3324,0.4036,0.39268,0.39406,0.3948,0.3478799999999999,0.3933,0.35562,0.3952,0.3798,0.40398,0.3902799999999999,0.33376,0.40248,0.3919,0.39308,0.3942799999999999,0.34718,0.39216,0.35672,0.3953399999999999,0.3794,0.4028,0.3892,0.3322799999999999,0.399,0.3902,0.39124,0.39214,0.3463199999999999,0.3912799999999999,0.3565799999999999,0.39338,0.37826,0.399,0.38698,0.24488,0.26211,0.272524
14,0.218,0.26141,0.276205,0.3356,0.4051,0.3944,0.3952,0.3972,0.3505,0.3951,0.3585,0.3975,0.3828,0.4052,0.3927,0.3362,0.4042,0.3927,0.3945,0.3958,0.3504,0.3938,0.3592,0.3968,0.383,0.4045,0.3911,0.335,0.4005,0.3916,0.3921,0.3939,0.3489,0.3926,0.3591,0.3952,0.3815,0.4003,0.3887,0.2499,0.265575,0.2748
15,0.2229199999999999,0.264324,0.279,0.3378,0.40632,0.3963,0.39754,0.3993,0.35266,0.3969,0.36168,0.39902,0.38768,0.40684,0.3948399999999999,0.3382,0.40564,0.39442,0.3956,0.39712,0.3534,0.39564,0.36238,0.39772,0.38668,0.40602,0.39296,0.3379,0.4014,0.3927,0.39362,0.3954399999999999,0.35192,0.3944,0.36202,0.3966,0.38564,0.4014,0.39052,0.2529,0.26924,0.277228
16,0.2285,0.270538,0.281738,0.3416,0.40788,0.3974,0.3993,0.40094,0.35514,0.3985,0.3665,0.4002,0.39204,0.40914,0.39694,0.3416,0.4068,0.39564,0.39722,0.39904,0.35652,0.39764,0.36568,0.3998,0.3925800000000001,0.40728,0.39508,0.33998,0.4028,0.3937,0.39478,0.3968399999999999,0.3553,0.3959,0.3647,0.3983399999999999,0.38958,0.40274,0.39278,0.25534,0.273055,0.280036
17,0.23414,0.275204,0.2861,0.3449199999999999,0.4097,0.39886,0.40046,0.40236,0.3573199999999999,0.40006,0.36932,0.402,0.3967799999999999,0.41046,0.3983,0.34396,0.4079,0.39706,0.399,0.4005,0.35972,0.3988199999999999,0.36876,0.40106,0.39836,0.40816,0.39666,0.34366,0.40456,0.3948,0.3962,0.39836,0.3581,0.3973,0.36826,0.3995,0.39526,0.4045,0.3949,0.2592199999999999,0.2769,0.283488
18,0.23896,0.279366,0.290333,0.34936,0.4114799999999999,0.40058,0.40218,0.40368,0.3619,0.40164,0.3736799999999999,0.4033799999999999,0.40096,0.4119,0.3998,0.34806,0.4086,0.3983799999999999,0.4004,0.4022,0.3625,0.40008,0.3722,0.4025,0.40166,0.4088,0.39858,0.34614,0.4057,0.39658,0.3974,0.40008,0.36218,0.39818,0.37146,0.40068,0.3987799999999999,0.40554,0.39658,0.26106,0.282085,0.2866
19,0.2421,0.28496,0.29542,0.3525,0.4129,0.4025,0.4033,0.4047,0.3658,0.4036,0.3791,0.405,0.4045,0.4131,0.4018,0.3508,0.4103,0.4002,0.4014,0.4035,0.3644,0.4022,0.38,0.4039,0.4052,0.41,0.4002,0.3498,0.4071,0.3978,0.3992,0.4013,0.3646,0.3995,0.3773,0.402,0.4023,0.407,0.398,0.2663,0.2869,0.2895
20,0.24612,0.287764,0.2996939999999999,0.3547,0.415,0.4039,0.4052,0.40622,0.3692,0.40562,0.38432,0.40662,0.4069399999999999,0.41492,0.4033,0.3551,0.4119,0.40192,0.4031,0.405,0.36706,0.4038,0.3848399999999999,0.40512,0.4078,0.4118,0.40184,0.35302,0.4089,0.3999,0.40046,0.40282,0.36662,0.4011,0.38312,0.40314,0.40554,0.4089,0.40032,0.27,0.291815,0.293068
21,0.2492,0.290216,0.305132,0.3571,0.41668,0.4055,0.4065,0.4076999999999999,0.37284,0.4079,0.38944,0.4085,0.40984,0.4166,0.405,0.35768,0.4128,0.40344,0.40428,0.40654,0.37188,0.40534,0.3908399999999999,0.40654,0.41,0.41284,0.40394,0.35712,0.4098,0.401,0.40184,0.4039,0.3707,0.40254,0.38934,0.4049,0.40834,0.4101399999999999,0.4019,0.27404,0.2944,0.295676
22,0.25306,0.293422,0.3121609999999999,0.36224,0.4182,0.40746,0.40816,0.4095,0.37842,0.40886,0.39492,0.41036,0.41278,0.41812,0.40688,0.36246,0.4142,0.4058,0.4058,0.4078,0.3768,0.4062,0.39598,0.4076,0.41312,0.4142,0.406,0.36022,0.4116,0.4031,0.40356,0.40476,0.37646,0.4039,0.3948,0.40596,0.41096,0.41206,0.4034,0.2764,0.297045,0.2991
23,0.25608,0.299336,0.314868,0.3665199999999999,0.41918,0.4096,0.4098799999999999,0.41128,0.3832,0.41056,0.3998799999999999,0.41168,0.41526,0.4192,0.40906,0.36676,0.41578,0.40768,0.4074799999999999,0.4088,0.384,0.4081,0.40244,0.40874,0.4149799999999999,0.4156,0.40806,0.36368,0.4131,0.4053799999999999,0.4053799999999999,0.40646,0.3822199999999999,0.4053799999999999,0.40042,0.40728,0.41294,0.41328,0.4051,0.2808199999999999,0.29966,0.303
24,0.2603,0.30365,0.3184,0.3709,0.4204,0.4117,0.4128,0.4133,0.3872,0.4119,0.407,0.4132,0.4176,0.4202,0.4106,0.3704,0.4172,0.4102,0.41,0.4104,0.3886,0.4098,0.4091,0.4099,0.4176,0.4171,0.4097,0.3694,0.4146,0.4079,0.4074,0.4087,0.3881,0.407,0.4063,0.4089,0.4158,0.4152,0.407,0.2846,0.302475,0.3071
25,0.2653,0.3072,0.323646,0.37452,0.42162,0.415,0.41432,0.4156,0.39438,0.41314,0.41216,0.4147,0.42112,0.4214,0.4141,0.37604,0.41872,0.41302,0.41304,0.41222,0.395,0.41084,0.4148,0.41252,0.41992,0.41872,0.41164,0.37172,0.4161,0.4104,0.4109,0.4109,0.39232,0.40892,0.4112,0.4102,0.41802,0.4166,0.4094,0.28792,0.3053,0.311008
26,0.2706,0.312156,0.326378,0.3784,0.4234,0.41728,0.41698,0.41784,0.3997,0.4161,0.4167,0.4168,0.42404,0.42294,0.41764,0.37942,0.42024,0.41574,0.41572,0.41576,0.40134,0.41284,0.4175,0.41344,0.42234,0.4206,0.41502,0.37764,0.41764,0.41374,0.41354,0.4135,0.3983,0.41064,0.4162,0.4114,0.42088,0.41784,0.4108,0.29114,0.3081,0.314816
27,0.27366,0.316892,0.333288,0.38208,0.4246,0.42042,0.42008,0.42056,0.40426,0.41856,0.4203,0.41796,0.42596,0.4244,0.41988,0.383,0.4217,0.419,0.41812,0.41884,0.4051,0.41506,0.4218,0.4146,0.42452,0.422,0.41726,0.38236,0.41942,0.41592,0.41686,0.41676,0.404,0.41276,0.4204,0.41326,0.42332,0.4196,0.413,0.296,0.31076,0.319924
28,0.2793199999999999,0.31943,0.337009,0.38714,0.4259799999999999,0.42334,0.4234599999999999,0.424,0.4103199999999999,0.4204,0.4253,0.4201,0.42828,0.42578,0.4219,0.3869599999999999,0.4229,0.422,0.4217599999999999,0.4215799999999999,0.41214,0.41716,0.4274799999999999,0.41678,0.42774,0.423,0.42068,0.38632,0.42088,0.4200799999999999,0.41994,0.4198,0.4095,0.415,0.425,0.4153799999999999,0.4259,0.4209799999999999,0.41848,0.2985799999999999,0.3129,0.325532
29,0.2852,0.32404,0.34241,0.3899,0.4269,0.4269,0.4272,0.4275,0.414,0.423,0.4297,0.4221,0.4307,0.4268,0.4256,0.3913,0.4244,0.4258,0.4251,0.4259,0.4176,0.4197,0.4331,0.4198,0.4294,0.4242,0.4248,0.3895,0.4226,0.4229,0.4243,0.4224,0.4154,0.4187,0.4297,0.4179,0.4292,0.4225,0.4218,0.3017,0.315,0.3297
30,0.2908,0.3272339999999999,0.348,0.3941,0.4287,0.43016,0.43076,0.43112,0.42034,0.42466,0.43542,0.42482,0.4338,0.4287,0.43052,0.3954,0.42564,0.431,0.43042,0.42862,0.42324,0.4222,0.4364,0.42208,0.43296,0.42544,0.42888,0.39362,0.4241,0.42704,0.42692,0.4252,0.41984,0.42092,0.43424,0.4203,0.43094,0.4241,0.42564,0.30408,0.317465,0.3322
31,0.29334,0.332944,0.351448,0.3983399999999999,0.43094,0.4335799999999999,0.43434,0.43404,0.42506,0.4264799999999999,0.43944,0.42784,0.43634,0.43068,0.43312,0.39868,0.4278,0.4335799999999999,0.43444,0.433,0.42624,0.4256,0.43994,0.42532,0.4354,0.42728,0.43188,0.3962,0.42574,0.43022,0.42998,0.4286,0.42528,0.42418,0.4386,0.42284,0.4345,0.42524,0.43148,0.3072,0.32048,0.3348
32,0.2973,0.336562,0.3553,0.40152,0.43262,0.43666,0.43794,0.43636,0.42898,0.42928,0.44416,0.42976,0.43874,0.43226,0.43618,0.40276,0.4294,0.43628,0.43656,0.4366,0.43058,0.4296,0.4442,0.42796,0.43792,0.42912,0.43608,0.39978,0.42762,0.43566,0.43298,0.43236,0.43074,0.4268,0.44268,0.42682,0.43696,0.4273,0.43486,0.3103,0.323595,0.337028
33,0.3004,0.339376,0.361052,0.40506,0.43418,0.44086,0.44024,0.43926,0.4344,0.432,0.4504000000000001,0.43194,0.44276,0.4341,0.4400200000000001,0.40688,0.4308,0.43948,0.43898,0.43894,0.4354,0.43288,0.44998,0.4308,0.4411,0.43054,0.43986,0.4049,0.4305,0.43906,0.4368,0.43602,0.43506,0.4294,0.44828,0.4287,0.4395,0.42988,0.43898,0.31488,0.32723,0.339616
34,0.3053,0.34278,0.367535,0.4093,0.4363,0.4435,0.4429,0.4414,0.4385,0.4344,0.4561,0.4341,0.4467,0.4359,0.4436,0.4102,0.4331,0.443,0.4419,0.4412,0.4407,0.4358,0.4548,0.4349,0.4456,0.4328,0.4434,0.409,0.4328,0.4422,0.4407,0.4386,0.4407,0.4343,0.4518,0.4325,0.4431,0.4328,0.4419,0.3207,0.331325,0.34178
35,0.3101999999999999,0.3452,0.371152,0.412,0.4377,0.44642,0.4456,0.4439599999999999,0.44454,0.4365199999999999,0.4601,0.43682,0.4499,0.43722,0.447,0.4147,0.4348,0.4462,0.4456,0.4435199999999999,0.44682,0.43864,0.4598199999999999,0.4379599999999999,0.4497,0.4346799999999999,0.447,0.41274,0.4349,0.4448,0.4446,0.44284,0.4455,0.4381,0.45814,0.43472,0.4483,0.4348,0.44504,0.3244199999999999,0.33366,0.344088
36,0.31484,0.348954,0.374459,0.4165,0.4399,0.4489,0.4473,0.44708,0.44892,0.4396,0.46334,0.4392,0.45448,0.43874,0.45214,0.41864,0.43644,0.44876,0.44888,0.44684,0.4526,0.4405199999999999,0.46448,0.44024,0.45392,0.4365,0.4501199999999999,0.41646,0.4368,0.44644,0.44742,0.4451,0.4492599999999999,0.4410799999999999,0.46216,0.43688,0.4506799999999999,0.4368,0.44854,0.3299,0.339365,0.346196
37,0.3194,0.352628,0.377698,0.42202,0.4415,0.45272,0.45148,0.4492,0.45464,0.44366,0.46686,0.4415,0.45916,0.44132,0.4554,0.42266,0.4384,0.45186,0.4514,0.4502,0.4574,0.44352,0.46772,0.44156,0.45816,0.4384,0.45376,0.42136,0.43906,0.4501,0.44934,0.44866,0.45646,0.4447,0.46616,0.44076,0.45516,0.43892,0.4519,0.3331,0.34287,0.3479
38,0.32448,0.355646,0.380973,0.42738,0.4429,0.45636,0.45344,0.45098,0.45988,0.446,0.4697,0.44392,0.46184,0.4431,0.45726,0.4273,0.44256,0.45628,0.45406,0.452,0.46184,0.44656,0.47186,0.44436,0.46178,0.44204,0.45698,0.4277,0.44196,0.45376,0.45276,0.4512,0.46034,0.4471,0.46978,0.4445,0.45858,0.44244,0.45478,0.3364,0.345855,0.350312
39,0.3302,0.35886,0.3828,0.4308,0.4463,0.4596,0.4576,0.4543,0.465,0.4481,0.4734,0.447,0.4642,0.4461,0.4605,0.4308,0.4458,0.4588,0.4562,0.4536,0.4655,0.4491,0.4752,0.4468,0.4661,0.4463,0.4596,0.4313,0.4443,0.4577,0.4557,0.4539,0.4633,0.4499,0.4728,0.4471,0.4622,0.4457,0.4583,0.3401,0.348,0.35322
40,0.33502,0.362948,0.385474,0.4341,0.44992,0.46412,0.4612,0.45752,0.4684799999999999,0.452,0.47662,0.4510599999999999,0.4683,0.44982,0.4633199999999999,0.4369,0.44948,0.4623,0.45868,0.4574,0.4707199999999999,0.4528199999999999,0.4776,0.4496,0.4682199999999999,0.4502,0.4622199999999999,0.4364599999999999,0.4477199999999999,0.4598,0.45804,0.4560599999999999,0.4667,0.45196,0.47664,0.4505,0.46454,0.4483,0.4608399999999999,0.3433199999999999,0.3509299999999999,0.3557
41,0.34004,0.36812,0.3879,0.4378599999999999,0.45314,0.46768,0.46406,0.4606,0.47278,0.45544,0.47924,0.4531799999999999,0.47128,0.4531,0.46718,0.44128,0.45404,0.46504,0.4612799999999999,0.4592,0.4734399999999999,0.4562,0.48004,0.45314,0.4708799999999999,0.4544,0.46488,0.44114,0.4519,0.46224,0.46064,0.45914,0.47024,0.45586,0.4803199999999999,0.45364,0.46784,0.4519,0.4623,0.3465,0.35413,0.358
42,0.34584,0.372202,0.390401,0.44476,0.45742,0.4708,0.46726,0.46412,0.47526,0.45852,0.48296,0.45588,0.4733,0.45612,0.46986,0.44696,0.459,0.46946,0.46442,0.46316,0.47556,0.4588,0.48378,0.4576,0.47342,0.45886,0.4684,0.4452,0.45476,0.46634,0.46366,0.46206,0.47286,0.4579,0.4828,0.45672,0.47022,0.456,0.46502,0.34964,0.3572,0.3601
43,0.3508,0.3769,0.394824,0.44884,0.46046,0.47518,0.47068,0.46904,0.47824,0.4622,0.4860199999999999,0.4588,0.4756,0.4602199999999999,0.47284,0.4501799999999999,0.4605599999999999,0.47196,0.4684,0.46608,0.4792,0.4612,0.4874,0.46092,0.4763199999999999,0.46136,0.47168,0.4492799999999999,0.4578799999999999,0.4703799999999999,0.46668,0.46668,0.4766999999999999,0.4607799999999999,0.4857,0.4613799999999999,0.47408,0.45858,0.46978,0.35204,0.35916,0.361304
44,0.3562,0.38363,0.3995,0.4527,0.4629,0.4788,0.4758,0.4735,0.4808,0.4662,0.4892,0.464,0.4786,0.4636,0.4778,0.4546,0.4624,0.4778,0.4725,0.4706,0.4827,0.4662,0.4903,0.4647,0.4788,0.463,0.4754,0.4546,0.4623,0.4746,0.4716,0.4694,0.4807,0.4642,0.4879,0.4648,0.4776,0.4625,0.4738,0.3552,0.363,0.3638
45,0.3619,0.389332,0.4041,0.4565,0.4659,0.48376,0.4794,0.47696,0.48424,0.47038,0.4915,0.46874,0.48234,0.46582,0.4821,0.45936,0.46444,0.48088,0.47648,0.47504,0.48564,0.47182,0.49302,0.4706,0.48194,0.46512,0.4823,0.4597,0.46444,0.47724,0.4749,0.47266,0.48442,0.47072,0.49052,0.46832,0.4797,0.465,0.48004,0.3575,0.36619,0.366308
46,0.36628,0.393374,0.4071,0.46038,0.46854,0.48638,0.4834,0.48046,0.4875,0.4746,0.49424,0.47162,0.48558,0.46854,0.48756,0.46344,0.468,0.48484,0.4817,0.47812,0.4892,0.47564,0.49644,0.47308,0.4848,0.46814,0.48774,0.46392,0.4669,0.48218,0.4784,0.4766999999999999,0.4874,0.4751,0.49328,0.4718,0.48296,0.4671,0.4845,0.35974,0.369025,0.3684759999999999
47,0.37096,0.3978,0.4131,0.46442,0.47076,0.48946,0.4872,0.4842,0.49112,0.47886,0.49782,0.47496,0.48756,0.47036,0.4909,0.4661799999999999,0.47026,0.48858,0.4865199999999999,0.48512,0.4947,0.4784,0.4994399999999999,0.4756,0.48866,0.4706399999999999,0.4903399999999999,0.4675399999999999,0.4694199999999999,0.48622,0.4847999999999999,0.4823999999999999,0.4927399999999999,0.47802,0.4970799999999999,0.47486,0.48576,0.4695,0.4893,0.3629199999999999,0.3727,0.3721679999999999
48,0.3762399999999999,0.40223,0.4176,0.4689,0.47314,0.4939999999999999,0.49094,0.4875799999999999,0.4970799999999999,0.48128,0.50118,0.4775,0.49068,0.47268,0.49488,0.4709399999999999,0.47276,0.49348,0.49174,0.4894,0.49932,0.483,0.5016,0.47778,0.49218,0.4728,0.49588,0.47012,0.47108,0.49166,0.4894,0.48788,0.4962,0.4815,0.50086,0.4768799999999999,0.48928,0.47108,0.4937,0.3669,0.376635,0.3766
49,0.3782,0.4051,0.4232,0.4741,0.4761,0.4966,0.4944,0.4913,0.5034,0.4852,0.504,0.4794,0.4937,0.4755,0.4972,0.4748,0.4752,0.4974,0.4955,0.4926,0.5024,0.4856,0.5042,0.48,0.4948,0.4756,0.4991,0.4746,0.4729,0.496,0.4936,0.4911,0.4997,0.4842,0.5034,0.4788,0.4927,0.473,0.4965,0.37,0.3793,0.3795
50,0.3835,0.410428,0.427457,0.479,0.47892,0.50132,0.49786,0.49608,0.50602,0.48756,0.5069,0.48294,0.49732,0.47786,0.50042,0.481,0.47862,0.50224,0.4983,0.4957,0.50652,0.4878,0.5084,0.482,0.4986,0.47824,0.50154,0.47832,0.4749,0.50034,0.49704,0.49514,0.50322,0.48742,0.50652,0.4806,0.49572,0.475,0.4993,0.3723,0.38213,0.384416
51,0.38904,0.414328,0.432164,0.4843,0.4819,0.50528,0.5006400000000001,0.49934,0.51024,0.49114,0.51092,0.48514,0.501,0.48134,0.50444,0.48628,0.48024,0.5045000000000001,0.50088,0.49868,0.51034,0.4908,0.5107400000000001,0.4848,0.50088,0.48008,0.50374,0.48388,0.47678,0.50404,0.50044,0.49762,0.5087400000000001,0.4903,0.5097400000000001,0.48378,0.49894,0.47712,0.50192,0.37476,0.38606,0.386516
52,0.39292,0.417984,0.436942,0.48832,0.48456,0.5087600000000001,0.5041,0.50156,0.51236,0.49386,0.5145,0.4879,0.5040600000000001,0.48438,0.50726,0.4904,0.4819,0.50792,0.50456,0.50116,0.51332,0.495,0.51332,0.48796,0.50434,0.48208,0.5067600000000001,0.4897,0.47916,0.50746,0.50346,0.50002,0.5117,0.49296,0.513,0.4861000000000001,0.5028400000000001,0.47926,0.5044,0.37832,0.38898,0.389448
53,0.39604,0.425324,0.444034,0.4919,0.4876400000000001,0.5113,0.5079,0.50418,0.5149600000000001,0.49818,0.51826,0.4911,0.5081600000000001,0.48694,0.51028,0.49398,0.4853,0.51046,0.5074799999999999,0.5048,0.5159,0.49808,0.5177,0.49228,0.5073799999999999,0.48424,0.5096400000000001,0.49336,0.48128,0.5099,0.5066,0.5032,0.5147400000000001,0.49788,0.5149800000000001,0.49046,0.5073,0.482,0.5082,0.38176,0.3913,0.3927280000000001
54,0.4016,0.43237,0.4505,0.4953,0.4906,0.514,0.5117,0.5095,0.5206,0.5018,0.5217,0.4947,0.5117,0.4898,0.5129,0.4989,0.4878,0.513,0.5104,0.5091,0.52,0.5048,0.5222,0.4967,0.5104,0.4874,0.5123,0.4965,0.4838,0.5131,0.51,0.5056,0.519,0.5021,0.518,0.4932,0.5113,0.4844,0.5105,0.385,0.393025,0.39564
55,0.40582,0.435684,0.454776,0.5008,0.4939,0.51862,0.5163,0.5125,0.5245,0.50612,0.52462,0.50012,0.51554,0.49312,0.51652,0.5035999999999999,0.49048,0.5172,0.514,0.5134,0.52418,0.507,0.52424,0.5006,0.51432,0.49048,0.5148600000000001,0.5027200000000001,0.4877,0.51542,0.51192,0.50942,0.5233,0.5043,0.52134,0.49816,0.51358,0.48786,0.51324,0.38922,0.3948399999999999,0.399692
56,0.4108,0.4403,0.4630920000000002,0.50714,0.49704,0.52208,0.5183,0.51714,0.5289400000000001,0.51062,0.5281,0.5032,0.51854,0.49568,0.5190400000000001,0.50828,0.49316,0.5209,0.51908,0.51662,0.5280400000000001,0.5107400000000001,0.5273,0.5044,0.5167,0.49294,0.5176,0.5075000000000001,0.49118,0.51838,0.51534,0.5137400000000001,0.5272,0.5088600000000001,0.5247,0.50122,0.51714,0.49194,0.51624,0.39282,0.3987,0.4063
57,0.4142,0.4473,0.472106,0.51166,0.5002,0.5253599999999999,0.52206,0.51966,0.53228,0.5143599999999999,0.5323599999999999,0.50866,0.52186,0.4999,0.52306,0.51164,0.4969,0.5244,0.52228,0.52026,0.53232,0.51472,0.5309,0.50788,0.5196,0.49696,0.52066,0.5113599999999999,0.49436,0.52178,0.51928,0.51862,0.53176,0.51254,0.5282399999999999,0.50412,0.5211,0.4951399999999999,0.52016,0.39616,0.4036099999999999,0.411
58,0.4214799999999999,0.451478,0.478313,0.51508,0.50288,0.5295,0.5265799999999999,0.52348,0.5384,0.51832,0.5356799999999999,0.51316,0.52494,0.5030399999999999,0.5269,0.51618,0.50096,0.5288,0.5254,0.5226,0.53638,0.5175799999999999,0.53336,0.5122599999999999,0.5242,0.50096,0.5238,0.51518,0.4978599999999999,0.52616,0.5235399999999999,0.5208,0.53688,0.51576,0.53178,0.50966,0.525,0.49906,0.52368,0.40036,0.4081399999999999,0.41656
59,0.4256,0.4576199999999999,0.48652,0.5206,0.5065,0.5331,0.5297,0.5275,0.5417,0.5205,0.5382,0.5163,0.5291,0.5065,0.5316,0.5199,0.5038,0.5317,0.5299,0.5258,0.542,0.5218,0.5377,0.516,0.529,0.5047,0.5277,0.5186,0.5013,0.5301,0.5276,0.5252,0.543,0.5195,0.5366,0.5143,0.5283,0.5019,0.5289,0.4036,0.4113,0.42184
60,0.4299,0.465508,0.494127,0.52532,0.50926,0.5374,0.5329200000000001,0.53012,0.5476,0.52352,0.5422600000000001,0.5198,0.5339400000000001,0.50926,0.53734,0.5234,0.50692,0.5354800000000001,0.53266,0.52872,0.54512,0.5247,0.5413,0.51924,0.53274,0.50702,0.53562,0.5247400000000001,0.5037,0.534,0.5314,0.52842,0.54612,0.52236,0.53948,0.51662,0.5319600000000001,0.5041,0.5347,0.40696,0.4155149999999999,0.4252279999999999
61,0.43498,0.472068,0.502634,0.5298,0.51144,0.54124,0.53578,0.53334,0.5520400000000001,0.52544,0.54796,0.5227400000000001,0.53792,0.51198,0.54234,0.52824,0.50854,0.53908,0.53568,0.53354,0.5494,0.52708,0.5456799999999999,0.522,0.53756,0.5095,0.5400600000000001,0.52878,0.5053,0.53842,0.5351,0.5311400000000001,0.5499200000000001,0.5246,0.5432400000000001,0.5188400000000001,0.5360400000000001,0.50578,0.539,0.41138,0.41963,0.42928
62,0.4411,0.4799819999999999,0.509505,0.53312,0.51452,0.5445,0.53986,0.5368,0.55638,0.5308,0.55172,0.5266,0.54248,0.51488,0.5465599999999999,0.5335,0.5114599999999999,0.54372,0.5400200000000001,0.536,0.55496,0.5294,0.54974,0.5243,0.54112,0.51276,0.5458,0.53296,0.5076,0.5424399999999999,0.5376799999999999,0.53452,0.5549799999999999,0.5266599999999999,0.5463,0.52192,0.5387599999999999,0.5088,0.54306,0.4162,0.4248,0.432712
63,0.4482799999999999,0.48898,0.5160440000000001,0.53714,0.51776,0.54816,0.5446799999999999,0.53998,0.5598399999999999,0.53376,0.5558799999999999,0.52938,0.54732,0.51852,0.54998,0.5384,0.51378,0.5466799999999999,0.5425,0.5394,0.55936,0.5316,0.5535599999999999,0.5266799999999999,0.54384,0.5142,0.5484,0.5372,0.5097,0.5457,0.54118,0.5375,0.5598599999999999,0.529,0.55148,0.5235799999999999,0.54286,0.5102599999999999,0.54624,0.4205799999999999,0.4321,0.435812
64,0.4562,0.4946800000000001,0.5209550000000001,0.5433,0.5202,0.5518,0.5492,0.5435,0.5636,0.5372,0.5584,0.5311,0.5525,0.5207,0.5521,0.5438,0.5155,0.5496,0.546,0.5424,0.5628,0.5335,0.5562,0.529,0.5484,0.5165,0.5516,0.5436,0.5125,0.5478,0.5441,0.5406,0.563,0.5312,0.5569,0.5264,0.548,0.5129,0.549,0.4261,0.4363,0.43962
65,0.46274,0.5006240000000001,0.52812,0.5478,0.52328,0.5554,0.5530600000000001,0.54738,0.5669,0.5397,0.56232,0.5339200000000001,0.5566800000000001,0.52366,0.55574,0.54832,0.51944,0.5540600000000001,0.54974,0.5450400000000001,0.56664,0.53552,0.56064,0.532,0.5527,0.52022,0.55442,0.55082,0.51512,0.55112,0.548,0.5441,0.56692,0.5341400000000001,0.5601200000000001,0.5288200000000001,0.55178,0.51604,0.5524,0.42926,0.43779,0.4433
66,0.47,0.50849,0.5346,0.5510400000000001,0.5268,0.5591,0.55594,0.5506,0.5709,0.54238,0.5677,0.53708,0.56038,0.52754,0.5601400000000001,0.55438,0.52334,0.55644,0.5531,0.54844,0.5715,0.5381,0.56484,0.53398,0.5562400000000001,0.52364,0.5574,0.55638,0.51838,0.55394,0.55052,0.5466,0.57154,0.53638,0.56648,0.531,0.5554600000000001,0.5188,0.55434,0.43568,0.440205,0.4466
67,0.47764,0.5149640000000001,0.54138,0.5581,0.5299800000000001,0.5635600000000001,0.55842,0.5540000000000002,0.57486,0.5449200000000001,0.5723600000000001,0.5394,0.56386,0.53042,0.5641,0.5585000000000001,0.52624,0.5596,0.55598,0.5513600000000001,0.5768400000000001,0.5398,0.5706800000000001,0.53644,0.5620400000000001,0.5270800000000001,0.5609200000000001,0.5599,0.52,0.5562,0.55342,0.5490600000000001,0.5765800000000001,0.5394,0.57188,0.5336800000000002,0.5604,0.5208800000000001,0.5580200000000001,0.4412,0.4447,0.450064
68,0.48424,0.522566,0.545832,0.5626599999999999,0.53284,0.5657599999999999,0.5622,0.5573,0.5786399999999999,0.547,0.57636,0.5426599999999999,0.56922,0.53328,0.568,0.56226,0.529,0.56256,0.55856,0.5541,0.581,0.54316,0.5760799999999999,0.5381,0.5665,0.529,0.56478,0.56408,0.5231,0.5598399999999999,0.5557,0.55208,0.5800799999999999,0.5432,0.5756,0.53616,0.56536,0.5235,0.56094,0.4462799999999999,0.44847,0.454452
69,0.4904,0.5304,0.55148,0.5669,0.5356,0.5691,0.5656,0.5619,0.5845,0.5499,0.5811,0.5452,0.572,0.5357,0.5716,0.5688,0.5311,0.5657,0.5615,0.5568,0.5849,0.5458,0.5819,0.5403,0.5709,0.5314,0.5687,0.5704,0.5255,0.5641,0.5592,0.5549,0.5846,0.5458,0.5808,0.5396,0.5689,0.5257,0.5657,0.4505,0.45345,0.4591399999999999
70,0.49784,0.540688,0.558688,0.57348,0.53822,0.57282,0.56762,0.56456,0.5893,0.55272,0.58556,0.5474,0.5760399999999999,0.5387399999999999,0.57456,0.57392,0.5336399999999999,0.5697,0.5645199999999999,0.56022,0.58868,0.5482999999999999,0.58692,0.5420200000000001,0.57532,0.5341,0.5728399999999999,0.57634,0.52812,0.56762,0.56282,0.55926,0.58942,0.5489,0.5861599999999999,0.54122,0.57362,0.5287,0.56862,0.4546199999999999,0.4592949999999999,0.4661399999999999
71,0.51116,0.5472319999999999,0.5667,0.57932,0.5413,0.5767,0.5710199999999999,0.5682,0.59524,0.5566399999999999,0.5920399999999999,0.54984,0.5801799999999999,0.5414399999999999,0.5787,0.5795199999999999,0.53674,0.57356,0.5669,0.56334,0.5942799999999999,0.55148,0.5901,0.5447,0.5800799999999999,0.53708,0.57634,0.5825199999999999,0.5301,0.57038,0.56534,0.56256,0.5931599999999999,0.5523399999999999,0.5914,0.5433,0.5783,0.5304,0.572,0.46004,0.4647,0.4688759999999999
72,0.52372,0.556522,0.572411,0.5849599999999999,0.54436,0.5796399999999999,0.57416,0.57106,0.6007399999999998,0.56006,0.5968,0.5524,0.58562,0.54452,0.58182,0.58572,0.5387,0.57592,0.5700999999999999,0.5666,0.59772,0.55404,0.59664,0.54712,0.58502,0.5388,0.57956,0.58956,0.53302,0.57404,0.56858,0.5646,0.59846,0.55536,0.5970599999999999,0.5447599999999999,0.58222,0.53302,0.5765,0.4664,0.471585,0.4737679999999999
73,0.5387,0.565008,0.5779179999999999,0.59082,0.54704,0.5829,0.5766399999999999,0.57418,0.6041599999999999,0.56338,0.60208,0.55518,0.59146,0.5472,0.58638,0.59246,0.54008,0.58024,0.57416,0.56934,0.6026,0.55868,0.6022,0.5497599999999999,0.5899599999999999,0.54038,0.5829399999999999,0.59778,0.53542,0.5790399999999999,0.5725,0.56838,0.60636,0.55798,0.6017399999999999,0.54788,0.58668,0.5356799999999999,0.5791,0.47412,0.4765499999999999,0.4773
74,0.551,0.5763499999999999,0.5835,0.5982,0.5496,0.5882,0.58,0.5767,0.6111,0.5665,0.6102,0.559,0.5959,0.5496,0.5894,0.6022,0.5424,0.5854,0.5774,0.5731,0.6106,0.562,0.6068,0.5528,0.594,0.5428,0.5856,0.6052,0.5375,0.5842,0.577,0.5724,0.613,0.5595,0.6097,0.5494,0.5931,0.5377,0.5833,0.4807,0.4821499999999999,0.4815
75,0.5615600000000001,0.5862960000000002,0.5894879999999999,0.6076,0.55332,0.59152,0.5852200000000001,0.57954,0.61642,0.5703400000000001,0.61524,0.56152,0.5995,0.55332,0.5924200000000001,0.60932,0.5449600000000001,0.58868,0.58062,0.57672,0.6176600000000001,0.5651200000000001,0.61444,0.55642,0.59922,0.5452400000000001,0.58848,0.61224,0.53982,0.5873200000000001,0.58024,0.57542,0.6211,0.56174,0.6141,0.5521400000000001,0.5975,0.5401,0.5873400000000001,0.48636,0.4898,0.4856559999999999
76,0.56832,0.59597,0.6011900000000001,0.6194000000000001,0.5572400000000001,0.59574,0.58952,0.5832,0.62204,0.5747,0.6212000000000001,0.56504,0.6050800000000001,0.5578,0.5953400000000001,0.6182799999999999,0.5482,0.59248,0.585,0.57974,0.6249,0.5698,0.62034,0.5600400000000001,0.6045400000000001,0.5482,0.5913400000000001,0.62158,0.5426799999999999,0.59014,0.58284,0.57784,0.6273799999999999,0.56438,0.6222,0.55538,0.60204,0.5426799999999999,0.59114,0.49524,0.494255,0.4905
77,0.579,0.6032839999999999,0.614552,0.6305800000000001,0.5602,0.60006,0.59252,0.5865600000000001,0.6293200000000001,0.57786,0.6255200000000001,0.5684600000000001,0.60892,0.5610800000000001,0.5994,0.63042,0.551,0.5958600000000001,0.58972,0.58384,0.6313000000000002,0.5732,0.6283000000000001,0.56344,0.60748,0.55132,0.5964,0.6317400000000001,0.545,0.59396,0.5849600000000001,0.5802600000000001,0.63168,0.5674,0.6280000000000001,0.5586,0.6068800000000001,0.54576,0.5944400000000001,0.50246,0.50094,0.496596
78,0.5925000000000002,0.6168180000000001,0.626918,0.64052,0.56338,0.60368,0.59678,0.58968,0.63726,0.58088,0.63278,0.57368,0.6143800000000001,0.5641400000000001,0.60358,0.6396600000000001,0.5538,0.60016,0.59316,0.5860799999999999,0.63968,0.57604,0.63368,0.5670200000000001,0.6147,0.554,0.60096,0.6376400000000001,0.5478000000000002,0.5963,0.58786,0.58406,0.6385600000000001,0.57194,0.6330600000000001,0.563,0.61058,0.5478600000000001,0.59808,0.51024,0.507255,0.50556
79,0.6154,0.62902,0.6347600000000001,0.6486,0.5669,0.6068,0.6005,0.5936,0.6437,0.5842,0.6378,0.5773,0.6199,0.5669,0.6073,0.6526,0.5554,0.6032,0.5954,0.5894,0.6464,0.5793,0.6396,0.5708,0.6208,0.5563,0.6051,0.6515,0.5502,0.5986,0.5919,0.586,0.6475,0.5764,0.6395,0.5659,0.6177,0.5505,0.6036,0.5183,0.5129,0.51288
80,0.63052,0.6401680000000001,0.645467,0.6549,0.57038,0.6104400000000001,0.6034,0.5975,0.64962,0.58802,0.6428200000000001,0.58074,0.62608,0.5707,0.613,0.65882,0.5592400000000001,0.6077600000000001,0.59924,0.5933200000000001,0.65428,0.5826,0.64552,0.5746,0.6240600000000001,0.5599,0.61004,0.6631400000000001,0.5525,0.6036600000000001,0.59522,0.59052,0.65362,0.5796,0.64362,0.56942,0.62192,0.5526800000000001,0.60714,0.52556,0.519115,0.5185960000000001
81,0.64774,0.6497879999999998,0.6535,0.66548,0.5750399999999999,0.6144799999999999,0.60774,0.60076,0.6585399999999999,0.5912,0.65094,0.5846,0.63108,0.5750399999999999,0.61766,0.6675199999999999,0.56248,0.61188,0.6028,0.59688,0.6605399999999999,0.58544,0.65228,0.5788,0.6289399999999999,0.56314,0.6143399999999999,0.66902,0.5565199999999999,0.6059399999999999,0.5985,0.5935,0.6610799999999999,0.5824,0.64848,0.5733199999999999,0.6274399999999999,0.5569599999999999,0.61142,0.53228,0.5273599999999999,0.526912
82,0.66016,0.656362,0.673391,0.67702,0.57836,0.6183,0.61072,0.60482,0.6666599999999999,0.59436,0.65616,0.5883999999999999,0.6333,0.57852,0.62206,0.67772,0.56712,0.61492,0.60612,0.6001599999999999,0.66632,0.588,0.6571,0.5818599999999999,0.63376,0.56752,0.6196,0.68036,0.55862,0.6114,0.60166,0.5960599999999999,0.66874,0.58452,0.65516,0.57726,0.6340999999999999,0.5591200000000001,0.61876,0.53778,0.5332899999999999,0.5365319999999998
83,0.68012,0.671036,0.684476,0.6884399999999999,0.5834199999999999,0.6223599999999999,0.6142799999999999,0.60908,0.67486,0.59836,0.6616799999999999,0.5939199999999999,0.63828,0.583,0.6266,0.6854,0.57316,0.61844,0.60978,0.60372,0.67508,0.59176,0.66142,0.5863,0.6374799999999999,0.57316,0.62396,0.69058,0.56356,0.61446,0.60498,0.5982,0.6784399999999999,0.58728,0.6603399999999999,0.58048,0.63972,0.5639799999999999,0.6226,0.54424,0.5387599999999999,0.5437719999999999
84,0.6935,0.6926499999999999,0.706985,0.6994,0.5861,0.6248,0.6184,0.6125,0.6834,0.6028,0.672,0.5979,0.6422,0.5866,0.6305,0.7008,0.5794,0.6205,0.6131,0.607,0.6829,0.5959,0.6684,0.5901,0.6414,0.5798,0.6278,0.7042,0.5691,0.6179,0.6095,0.6023,0.6851,0.5914,0.6688,0.5855,0.6442,0.5691,0.6272,0.5555,0.5453749999999999,0.55438
85,0.71496,0.7237359999999999,0.7189019999999999,0.71042,0.59338,0.62844,0.6226,0.61634,0.69172,0.607,0.6807,0.60334,0.64762,0.59296,0.6366,0.70994,0.58418,0.625,0.61642,0.6100800000000001,0.69148,0.60236,0.67684,0.59688,0.6458400000000001,0.58472,0.6319600000000001,0.7143200000000001,0.5756,0.62142,0.61292,0.6075,0.6951,0.5983400000000001,0.6761600000000001,0.59094,0.64766,0.5765,0.63242,0.56406,0.55238,0.5616
86,0.7288400000000002,0.747354,0.7341349999999999,0.7217600000000001,0.59852,0.63312,0.62712,0.62,0.70428,0.613,0.68684,0.60716,0.65236,0.59852,0.64108,0.7238800000000001,0.58984,0.62718,0.62068,0.61534,0.7066,0.60768,0.6843400000000001,0.60342,0.65118,0.58984,0.638,0.72662,0.58192,0.62652,0.6168600000000001,0.61118,0.70822,0.60284,0.6850400000000001,0.59758,0.6525400000000001,0.58222,0.6367400000000001,0.5758400000000001,0.5649099999999999,0.5698
87,0.7455999999999999,0.7746599999999999,0.7569640000000001,0.7370199999999999,0.6049,0.63822,0.6313599999999999,0.6253599999999999,0.7194999999999999,0.6192,0.6959,0.6131,0.65714,0.60432,0.64606,0.73776,0.59626,0.6308,0.62506,0.61856,0.7214200000000001,0.61276,0.69332,0.60744,0.6548,0.59626,0.64238,0.7398399999999999,0.5868599999999999,0.6318,0.62388,0.61442,0.7225999999999998,0.60708,0.69262,0.60248,0.6563599999999999,0.5868599999999999,0.6414,0.58388,0.5776600000000001,0.57772
88,0.76916,0.7953,0.770369,0.74898,0.61108,0.64278,0.636,0.6298,0.7309399999999999,0.6223599999999999,0.70726,0.6192,0.66294,0.61108,0.65238,0.7501399999999999,0.604,0.6379199999999999,0.62928,0.62378,0.7303599999999999,0.6178,0.7026,0.6143399999999999,0.66076,0.604,0.65018,0.7546799999999999,0.5944,0.6358199999999999,0.6287,0.62188,0.73398,0.61196,0.69966,0.60908,0.6627799999999999,0.5944,0.64828,0.59788,0.5914,0.5909280000000002
89,0.7931,0.8092600000000001,0.78506,0.7645,0.619,0.651,0.6433,0.6367,0.7418,0.6259,0.7149,0.6248,0.6702,0.619,0.6601,0.764,0.6084,0.6474,0.6375,0.63,0.745,0.6217,0.7108,0.6183,0.6662,0.6084,0.6556,0.7699,0.6029,0.645,0.6355,0.6276,0.7442,0.6174,0.7095,0.6138,0.6688,0.6029,0.6557,0.6123,0.6039,0.60522
90,0.8259000000000001,0.828874,0.8011330000000001,0.7830600000000001,0.624,0.6611,0.65064,0.6430600000000001,0.75514,0.6327600000000001,0.72106,0.63238,0.67566,0.624,0.6677200000000001,0.78554,0.6168,0.65742,0.64928,0.6377200000000001,0.7547200000000001,0.627,0.7167,0.62188,0.6729200000000001,0.6168,0.66722,0.7877800000000001,0.6095400000000001,0.6632200000000001,0.65198,0.63772,0.75724,0.6256200000000001,0.7189800000000001,0.62194,0.67666,0.6095400000000001,0.66774,0.62802,0.61899,0.6383479999999999
91,0.8549400000000005,0.851964,0.8241240000000002,0.8008800000000001,0.63488,0.67232,0.66296,0.6539400000000002,0.7652600000000003,0.64242,0.7296,0.6390600000000001,0.68486,0.63488,0.67474,0.8070000000000003,0.6225200000000001,0.6734000000000002,0.66488,0.6546800000000002,0.7641600000000002,0.63724,0.7258600000000001,0.63344,0.68222,0.6225200000000001,0.672,0.8087800000000002,0.6174,0.67328,0.66324,0.6551800000000001,0.7689,0.63592,0.7261600000000001,0.6305800000000003,0.6863400000000001,0.61744,0.6746800000000001,0.64492,0.63488,0.655208
92,0.9011200000000004,0.8867220000000002,0.850204,0.8195200000000007,0.6433800000000001,0.6835600000000001,0.67372,0.6693000000000001,0.7809800000000001,0.6532000000000001,0.73962,0.65076,0.6964400000000001,0.6429600000000001,0.6830800000000001,0.8248000000000002,0.6301000000000001,0.6839200000000001,0.67672,0.66786,0.7749600000000001,0.65576,0.7336400000000001,0.6491600000000001,0.6928,0.6301000000000001,0.68252,0.8314200000000002,0.6251800000000001,0.68598,0.67722,0.6665,0.779,0.6498000000000002,0.7370000000000002,0.6461600000000001,0.6957600000000003,0.62572,0.6839000000000001,0.6747200000000001,0.6664200000000001,0.6642480000000001
93,0.95726,0.9033959999999996,0.8740699999999999,0.8553000000000001,0.65396,0.69448,0.6862,0.6784,0.7926799999999999,0.66792,0.7544799999999999,0.6656,0.7141,0.6540199999999999,0.69582,0.8645999999999999,0.64904,0.6908799999999999,0.68416,0.67636,0.78664,0.66586,0.7499199999999998,0.6633199999999999,0.7127199999999999,0.64904,0.69628,0.8634799999999998,0.6404,0.6934,0.68528,0.67918,0.7922,0.66682,0.7548999999999999,0.66126,0.70846,0.6404,0.6937399999999999,0.69526,0.7130599999999999,0.7003719999999999
94,0.9932,0.93803,1.0355199999999982,0.8938,0.6689,0.708,0.6957,0.6882,0.8068,0.6804,0.7797,0.6777,0.7308,0.6689,0.7141,0.8964,0.6618,0.7061,0.6935,0.6872,0.8049,0.6783,0.7756,0.6715,0.7262,0.6622,0.708,0.8986,0.6585,0.7028,0.6922,0.6891,0.8105,0.6775,0.7751,0.6745,0.7241,0.6585,0.7103,0.7233,0.751475,0.7524
95,1.0934,0.962088,1.106948,0.9223399999999994,0.6807599999999999,0.7185799999999998,0.7095599999999999,0.7021,0.8371999999999998,0.6912399999999999,0.8050799999999989,0.6864199999999999,0.7556399999999993,0.6807599999999999,0.7282999999999998,0.9314199999999994,0.6734999999999999,0.71462,0.7071199999999999,0.7021599999999999,0.8379999999999996,0.6884,0.7976799999999998,0.6850199999999999,0.7477399999999995,0.6734999999999999,0.7246999999999999,0.93452,0.67338,0.71302,0.7047399999999999,0.6984599999999997,0.8538399999999997,0.6875399999999999,0.8077799999999999,0.68182,0.7535599999999999,0.67338,0.7231799999999997,0.7724999999999999,0.7966199999999996,0.788372
96,1.1484599999999996,1.2447279999999998,1.14545,0.9660799999999996,0.6923599999999999,0.7341399999999999,0.7215999999999999,0.71444,0.8790799999999999,0.70656,0.8471799999999999,0.7021799999999999,0.7797799999999998,0.6923599999999999,0.7468199999999999,0.9638599999999996,0.6861799999999998,0.7286999999999999,0.7159199999999999,0.7112999999999999,0.8752799999999996,0.70024,0.8481199999999999,0.6948,0.7796399999999999,0.6861799999999998,0.7391399999999999,0.9759399999999988,0.6826399999999999,0.7250599999999999,0.7131,0.7080999999999998,0.8870999999999987,0.69502,0.8522599999999995,0.6899799999999999,0.7814399999999999,0.6826399999999999,0.7399799999999999,0.8490199999999999,0.8438899999999998,0.8328559999999999
97,1.2812,1.321392,1.202778,1.0259,0.7082799999999999,0.7528399999999998,0.7402999999999998,0.73426,0.9517,0.72182,0.9093,0.7128599999999999,0.8136599999999998,0.7082799999999999,0.7747399999999998,1.0311199999999998,0.6974,0.75086,0.7340399999999999,0.72376,0.9549399999999992,0.7127199999999998,0.9142399999999998,0.705,0.8129199999999999,0.6974,0.7722399999999999,1.0646999999999995,0.6914799999999999,0.7552599999999999,0.7364799999999996,0.72422,0.9631599999999996,0.70754,0.9177399999999996,0.6988399999999999,0.8162799999999996,0.6914799999999999,0.7723599999999999,0.9096999999999996,0.87125,0.8780079999999999
98,1.692479999999999,1.4500019999999998,1.271679,1.1624,0.7277,0.81428,0.79302,0.7793599999999999,1.0657599999999996,0.7469999999999998,1.0103999999999995,0.72978,0.899819999999999,0.7277,0.8368199999999999,1.186179999999998,0.7095799999999999,0.8071399999999997,0.7882799999999999,0.7733199999999998,1.0586999999999998,0.7300599999999999,1.0171999999999994,0.72164,0.8593599999999998,0.7095799999999999,0.83312,1.2309799999999989,0.7042,0.7993199999999996,0.77838,0.7635,1.0719199999999998,0.72986,1.0826599999999995,0.7171599999999999,0.8712999999999999,0.7042,0.8279199999999999,0.9889,1.009259999999999,0.9221640000000004
