percentiles,hv10,hv120,hv20,hv30,hv60,hv90,ivcall10,ivcall1080,ivcall120,ivcall150,ivcall180,ivcall20,ivcall270,ivcall30,ivcall360,ivcall60,ivcall720,ivcall90,ivmean10,ivmean1080,ivmean120,ivmean150,ivmean180,ivmean20,ivmean270,ivmean30,ivmean360,ivmean60,ivmean720,ivmean90,ivput10,ivput1080,ivput120,ivput150,ivput180,ivput20,ivput270,ivput30,ivput360,ivput60,ivput720,ivput90,phv10,phv120,phv20,phv30,phv60,phv90
0,0.0197,0.2371,0.021809,0.02286,0.203,0.230339,0.252438,0.292176,0.283856,0.288076,0.289852,0.252438,0.292176,0.25383,0.292176,0.268594,0.292176,0.275836,0.269961,0.299658,0.291545,0.294629,0.297929,0.270716,0.299658,0.271403,0.299658,0.280729,0.299658,0.287329,0.2633,0.302193,0.292662,0.295631,0.299493,0.264062,0.302193,0.268217,0.302193,0.2805,0.302193,0.2887,0.0172,0.259014,0.02404,0.0235,0.108601,0.2004
1,0.031838,0.251008,0.03251,0.16926,0.21316,0.236778,0.267428,0.298104,0.2911,0.293528,0.295956,0.270484,0.298104,0.271804,0.298104,0.280752,0.298104,0.286676,0.278058,0.303758,0.296132,0.2995,0.301816,0.278158,0.303758,0.279958,0.303758,0.288074,0.303758,0.292016,0.275754,0.307748,0.298424,0.3023,0.305758,0.2781099999999999,0.307748,0.2792099999999999,0.307748,0.289062,0.307748,0.2944,0.032836,0.265476,0.0359199999999999,0.1567259999999999,0.214286,0.2533
2,0.0920159999999999,0.253854,0.151566,0.18614,0.2191,0.2448169999999999,0.274914,0.3028,0.2955,0.29827,0.300928,0.276928,0.3028,0.280642,0.3028,0.286156,0.3028,0.291584,0.286674,0.310174,0.301696,0.304535,0.307587,0.287787,0.310174,0.289087,0.310174,0.293635,0.310174,0.2975609999999999,0.281593,0.314465,0.304765,0.307565,0.310886,0.2829859999999999,0.314465,0.287779,0.314465,0.2948719999999999,0.314465,0.299079,0.1701,0.2709,0.198628,0.204643,0.230983,0.2618999999999999
3,0.117912,0.2562439999999999,0.165796,0.19778,0.22562,0.251992,0.281764,0.3083599999999999,0.302616,0.3052,0.3069759999999999,0.282804,0.3083599999999999,0.285852,0.3083599999999999,0.292,0.3083599999999999,0.297456,0.290716,0.315876,0.309832,0.312416,0.314564,0.291416,0.315876,0.29468,0.315876,0.299044,0.315876,0.307016,0.286824,0.32012,0.311972,0.314672,0.317724,0.289948,0.32012,0.294472,0.32012,0.299968,0.32012,0.3081959999999999,0.184812,0.2741,0.209268,0.212448,0.2488199999999999,0.2646
4,0.125145,0.2592899999999999,0.174505,0.2061,0.2322,0.25569,0.2862,0.32069,0.3114,0.31527,0.31779,0.2869899999999999,0.32069,0.2899,0.32069,0.29807,0.32069,0.30466,0.29429,0.33129,0.32227,0.328245,0.33079,0.29429,0.33129,0.297845,0.33129,0.306235,0.33129,0.31386,0.293465,0.3299,0.3196549999999999,0.325655,0.328875,0.294975,0.3299,0.29891,0.3299,0.306865,0.3299,0.31312,0.19357,0.27649,0.21394,0.22003,0.2552049999999999,0.2668
5,0.13497,0.262816,0.182622,0.2109599999999999,0.23506,0.257968,0.2887,0.3247279999999999,0.3167399999999999,0.319528,0.322428,0.290056,0.3247279999999999,0.292084,0.3247279999999999,0.301328,0.3247279999999999,0.3102,0.297874,0.3346,0.32897,0.332074,0.333748,0.298774,0.3346,0.300974,0.3346,0.3103,0.3346,0.321174,0.296672,0.336,0.329,0.333644,0.3347,0.297786,0.336,0.301572,0.336,0.310472,0.336,0.321172,0.202536,0.280842,0.218128,0.2292,0.258332,0.27168
6,0.1425229999999999,0.265726,0.189518,0.21672,0.2415199999999999,0.2595,0.291398,0.328228,0.32193,0.325498,0.3272319999999999,0.292,0.328228,0.2955,0.328228,0.304866,0.328228,0.314866,0.300903,0.3369029999999999,0.3329,0.3344029999999999,0.335612,0.301406,0.3369029999999999,0.303706,0.3369029999999999,0.3132,0.3369029999999999,0.324006,0.299534,0.340217,0.334485,0.3369169999999999,0.339317,0.3006169999999999,0.340217,0.303817,0.340217,0.313702,0.340217,0.326651,0.207892,0.2858,0.222016,0.238267,0.263327,0.27508
7,0.14706,0.269744,0.1957,0.2224799999999999,0.24438,0.2614,0.293808,0.3317,0.3269,0.330004,0.332,0.29482,0.3317,0.298708,0.3317,0.308908,0.3317,0.318512,0.303932,0.3385,0.3348319999999999,0.337,0.338132,0.3046,0.3385,0.306064,0.3385,0.316232,0.3385,0.326864,0.302096,0.3428,0.3374,0.34044,0.3419,0.3026,0.3428,0.306748,0.3428,0.317736,0.3428,0.3298,0.211612,0.2896559999999999,0.2256,0.246192,0.2666,0.27866
8,0.1516,0.2751,0.2008319999999999,0.22502,0.24678,0.263351,0.2979259999999999,0.334342,0.330442,0.333542,0.3342259999999999,0.298868,0.334342,0.300826,0.334342,0.311984,0.334342,0.323942,0.306161,0.3405,0.3361,0.3388609999999999,0.340144,0.306961,0.3405,0.309322,0.3405,0.3182,0.3405,0.331183,0.305658,0.344979,0.339679,0.342879,0.3441,0.306632,0.344979,0.308979,0.344979,0.321279,0.344979,0.332916,0.2156,0.292071,0.231592,0.252619,0.268949,0.28042
9,0.15586,0.27908,0.20548,0.2294,0.2513,0.26509,0.30062,0.3366,0.33308,0.3355,0.3366,0.3007,0.3366,0.30428,0.3366,0.31448,0.3366,0.3267,0.3091899999999999,0.34249,0.3376,0.3408,0.3418899999999999,0.30979,0.34249,0.31209,0.34249,0.32097,0.34249,0.333,0.3087,0.3477,0.34271,0.3449,0.34643,0.30891,0.3477,0.3106,0.3477,0.32301,0.3477,0.33591,0.21899,0.29368,0.23682,0.25731,0.2709,0.2835
10,0.1607529999999999,0.283694,0.208614,0.2328599999999999,0.2567,0.267329,0.303654,0.338718,0.3348,0.3368,0.3383359999999999,0.3045,0.338718,0.3072,0.338718,0.317254,0.338718,0.330018,0.312119,0.3449379999999999,0.339119,0.3428,0.3444,0.312419,0.3449379999999999,0.314,0.3449379999999999,0.323219,0.3449379999999999,0.3349189999999999,0.310241,0.3502,0.3443,0.347,0.348541,0.3107229999999999,0.3502,0.3129,0.3502,0.3247,0.3502,0.338141,0.221858,0.2946,0.241368,0.259191,0.273471,0.28764
11,0.166768,0.286716,0.212244,0.23516,0.2594399999999999,0.269268,0.306,0.340656,0.3365,0.338712,0.3405,0.306556,0.340656,0.309368,0.340656,0.3199,0.340656,0.332056,0.3138,0.348348,0.341548,0.344248,0.346648,0.313748,0.348348,0.3158,0.348348,0.325696,0.348348,0.3365,0.3123,0.351672,0.346272,0.349,0.350472,0.3125,0.351672,0.3143,0.351672,0.327,0.351672,0.3399,0.2245,0.2959279999999999,0.2443,0.261688,0.276632,0.2894
12,0.172171,0.289068,0.2173,0.23824,0.2636,0.2718,0.3078,0.343082,0.33957,0.341494,0.3425,0.3091759999999999,0.343082,0.311382,0.343082,0.321688,0.343082,0.3338,0.315777,0.3498,0.3436,0.345554,0.3485,0.315877,0.3498,0.316977,0.3498,0.3276,0.3498,0.338054,0.314003,0.353406,0.348203,0.3505,0.352106,0.314203,0.353406,0.316009,0.353406,0.329603,0.353406,0.3416,0.227214,0.2972,0.246832,0.263106,0.2793,0.29184
13,0.1755,0.291308,0.221872,0.23994,0.26574,0.275046,0.309932,0.344632,0.341428,0.3433319999999999,0.3443319999999999,0.3108,0.344632,0.3124,0.344632,0.323632,0.344632,0.3359,0.3174,0.351106,0.346624,0.347724,0.350212,0.317606,0.351106,0.318806,0.351106,0.329106,0.351106,0.3402,0.315534,0.3547,0.349234,0.3521,0.3539,0.316334,0.3547,0.318234,0.3547,0.331,0.3547,0.3437,0.2299,0.2984,0.248696,0.2654,0.281862,0.2933
14,0.1802,0.2929,0.2256,0.2427,0.2687,0.28097,0.3115,0.34584,0.3435,0.3452,0.34587,0.3121,0.34584,0.31474,0.34584,0.32561,0.34584,0.33767,0.318535,0.3527,0.34867,0.3504,0.351735,0.3186699999999999,0.3527,0.320135,0.3527,0.331135,0.3527,0.342835,0.31773,0.3552,0.3502,0.3532,0.355,0.3187299999999999,0.3552,0.3205,0.3552,0.3326,0.3552,0.3451,0.2329699999999999,0.2996,0.25204,0.26706,0.2835,0.2942
15,0.184424,0.2945879999999999,0.23056,0.24528,0.27112,0.2850959999999999,0.3133,0.347,0.3452,0.3467,0.347108,0.314308,0.347,0.316808,0.347,0.3275,0.347,0.3392,0.3201,0.3534,0.350564,0.351864,0.353064,0.320264,0.3534,0.320964,0.3534,0.333256,0.3534,0.344864,0.3194,0.356292,0.352396,0.354096,0.3557,0.3201,0.356292,0.3219,0.356292,0.3346,0.356292,0.3463,0.2359,0.301108,0.255016,0.268796,0.2851,0.2949
16,0.189991,0.296006,0.2347,0.24806,0.27392,0.289389,0.315238,0.3483,0.346046,0.348192,0.348,0.316646,0.3483,0.318146,0.3483,0.3295,0.3483,0.340746,0.321386,0.354372,0.352093,0.353286,0.354,0.321493,0.354372,0.322993,0.354372,0.3355,0.354372,0.3464,0.321027,0.357354,0.3535,0.3555,0.356727,0.321427,0.357354,0.3242,0.357354,0.3367,0.357354,0.347927,0.237626,0.303023,0.257996,0.2702,0.286037,0.2960799999999999
17,0.1943,0.298672,0.2382,0.25248,0.2763799999999999,0.291402,0.317284,0.349684,0.347268,0.349,0.349784,0.317984,0.349684,0.3196,0.349684,0.3311,0.349684,0.3423,0.3236,0.355122,0.3531,0.3548,0.3554,0.3236,0.355122,0.325,0.355122,0.337422,0.355122,0.347622,0.322758,0.358616,0.354958,0.356458,0.3579,0.3232,0.358616,0.3262,0.358616,0.3386,0.358616,0.3493739999999999,0.240002,0.305242,0.2602839999999999,0.271616,0.286998,0.2971
18,0.1972,0.301,0.2409,0.25582,0.27854,0.294023,0.3187,0.3506,0.3482,0.350022,0.3508,0.319744,0.3506,0.321322,0.3506,0.3338,0.3506,0.343622,0.324851,0.356651,0.3544509999999999,0.356,0.3568,0.325051,0.356651,0.3267509999999999,0.356651,0.339,0.356651,0.3486,0.3245,0.3596,0.356289,0.358089,0.3591,0.3257779999999999,0.3596,0.328289,0.3596,0.3399,0.3596,0.3506,0.242182,0.3072,0.262572,0.2734,0.2882,0.29816
19,0.20062,0.30262,0.2443,0.2585,0.2798,0.2964,0.32046,0.3514,0.3496,0.3513,0.3516,0.32156,0.3514,0.3234,0.3514,0.33556,0.3514,0.3451,0.3267,0.3574,0.3556,0.35718,0.35768,0.3271,0.3574,0.32902,0.3574,0.3401,0.3574,0.3504,0.32732,0.36092,0.3574,0.35932,0.36072,0.3277,0.36092,0.33052,0.36092,0.34162,0.36092,0.3522,0.2442,0.308,0.2644,0.275,0.28912,0.2994
20,0.204669,0.303678,0.246754,0.26034,0.2814,0.3017,0.3226,0.3521,0.350898,0.3522,0.3524,0.3236,0.3521,0.325098,0.3521,0.3367,0.3521,0.346594,0.328218,0.3581,0.356409,0.3586,0.3583,0.330218,0.3581,0.3314089999999999,0.3581,0.341618,0.3581,0.3519089999999999,0.3288,0.3622,0.358602,0.3609,0.3623,0.329153,0.3622,0.332151,0.3622,0.3433509999999999,0.3622,0.3534509999999999,0.2465,0.309399,0.2668,0.277402,0.290281,0.30114
21,0.2095739999999999,0.3047,0.2496,0.2644,0.28332,0.304358,0.324336,0.353036,0.3524359999999999,0.353636,0.3533,0.325472,0.353036,0.3277359999999999,0.353036,0.338436,0.353036,0.3479,0.3313,0.3595,0.357438,0.3594,0.3595,0.332438,0.3595,0.3333379999999999,0.3595,0.343138,0.3595,0.3528,0.331182,0.3630819999999999,0.360182,0.3620819999999999,0.363182,0.3314,0.3630819999999999,0.333982,0.3630819999999999,0.3449,0.3630819999999999,0.354964,0.2498,0.311318,0.2687,0.278982,0.2918,0.3026
22,0.213947,0.3061,0.252503,0.26738,0.28626,0.307797,0.326874,0.3541,0.353574,0.355374,0.3542,0.3273,0.3541,0.329274,0.3541,0.340496,0.3541,0.3488,0.3332,0.360467,0.358634,0.360367,0.360767,0.3338669999999999,0.360467,0.3352,0.360467,0.344167,0.360467,0.354,0.3331,0.364313,0.3615,0.3633,0.364213,0.3333129999999999,0.364313,0.337313,0.364313,0.3467,0.364313,0.3566129999999999,0.251747,0.312337,0.271,0.2814,0.293,0.3044
23,0.2182439999999999,0.307232,0.2552,0.27074,0.29034,0.3111,0.3285,0.3552,0.354724,0.3561,0.3557,0.329312,0.3552,0.331012,0.3552,0.3418,0.3552,0.349912,0.3351,0.3616,0.3596,0.3614,0.3616,0.335792,0.3616,0.3371,0.3616,0.3457,0.3616,0.3552,0.3355,0.3653,0.362944,0.364144,0.3653,0.336532,0.3653,0.338844,0.3653,0.347944,0.3653,0.3577,0.2537,0.3136,0.2725,0.282688,0.294128,0.30566
24,0.2225,0.30905,0.2581,0.2737,0.2928,0.313575,0.3305,0.3565,0.3563,0.35725,0.35685,0.3309,0.3565,0.3336,0.3565,0.3435,0.3565,0.3517,0.337025,0.362225,0.361,0.3624,0.362525,0.337325,0.362225,0.3389,0.362225,0.347,0.362225,0.3566499999999999,0.33825,0.3665,0.364475,0.365975,0.3665,0.338575,0.3665,0.340075,0.3665,0.3499,0.3665,0.359,0.2557,0.3148,0.2746,0.2851,0.2956,0.3072
25,0.225814,0.312636,0.2604,0.27636,0.29466,0.3149,0.332488,0.357888,0.357788,0.3586,0.3582,0.333688,0.357888,0.336,0.357888,0.3449,0.357888,0.3531,0.338854,0.3632,0.362054,0.3632,0.3634,0.338854,0.3632,0.3403,0.3632,0.3486,0.3632,0.3578,0.339806,0.3679,0.365906,0.3672,0.3678,0.340118,0.3679,0.342606,0.3679,0.352006,0.3679,0.3614,0.2577,0.3159,0.2764,0.2871,0.2969859999999999,0.30884
26,0.231109,0.316386,0.262298,0.27906,0.29786,0.3164,0.33503,0.3592,0.3593,0.359452,0.359326,0.335626,0.3592,0.3393259999999999,0.3592,0.3472,0.3592,0.35443,0.340583,0.3644,0.363583,0.364566,0.364383,0.340483,0.3644,0.342883,0.3644,0.350666,0.3644,0.358683,0.3427,0.369037,0.367337,0.368437,0.368774,0.342848,0.369037,0.344737,0.369037,0.3539,0.369037,0.363037,0.260109,0.317113,0.2782,0.288287,0.298694,0.3114
27,0.235292,0.322604,0.264372,0.2821,0.3012,0.318,0.337664,0.360028,0.3605,0.3606,0.3603,0.338664,0.360028,0.3417,0.360028,0.348992,0.360028,0.356164,0.343,0.365324,0.3648,0.3657,0.3656,0.343048,0.365324,0.345812,0.365324,0.352824,0.365324,0.3602,0.344704,0.369968,0.3681,0.3698,0.369868,0.345168,0.369968,0.3466,0.369968,0.355836,0.369968,0.364768,0.2622919999999999,0.319864,0.2795,0.2906,0.301608,0.314
28,0.2391,0.325822,0.266523,0.28302,0.30304,0.319731,0.340704,0.3613,0.3619,0.361602,0.3616,0.3411,0.3613,0.343402,0.3613,0.350902,0.3613,0.357502,0.3458,0.3662,0.366,0.366741,0.366841,0.346141,0.3662,0.349141,0.3662,0.3546,0.3662,0.361141,0.347595,0.370999,0.369798,0.3707,0.370999,0.348499,0.370999,0.349898,0.370999,0.357698,0.370999,0.365799,0.264281,0.321951,0.281352,0.292049,0.3041,0.31536
29,0.24187,0.32854,0.269,0.2851,0.3055,0.321,0.34284,0.3625,0.3627,0.36262,0.36284,0.34308,0.3625,0.34548,0.3625,0.3527,0.3625,0.35878,0.349,0.36844,0.3676,0.3681,0.3685,0.3486499999999999,0.36844,0.3512099999999999,0.36844,0.3568699999999999,0.36844,0.36264,0.35092,0.372,0.3711299999999999,0.3718,0.3717,0.35166,0.372,0.35226,0.372,0.3596,0.372,0.3668,0.26674,0.3230699999999999,0.2831,0.2932,0.30706,0.3177
30,0.245159,0.3307,0.272194,0.2873799999999999,0.30886,0.3219,0.3449,0.3639779999999999,0.364778,0.3639,0.363878,0.3456,0.3639779999999999,0.3479,0.3639779999999999,0.3545,0.3639779999999999,0.360134,0.351099,0.370098,0.3688,0.3691,0.3701,0.351696,0.370098,0.354297,0.370098,0.359599,0.370098,0.364699,0.3535,0.372761,0.3722,0.372961,0.3727,0.3543,0.372761,0.356222,0.372761,0.362383,0.372761,0.3684,0.2688,0.324367,0.285028,0.2947,0.309,0.3194
31,0.248044,0.332976,0.2743,0.28972,0.31316,0.323148,0.347732,0.365716,0.3657,0.364716,0.365316,0.348,0.365716,0.3508,0.365716,0.356132,0.365716,0.362,0.353856,0.370984,0.3705279999999999,0.3704,0.3712,0.354656,0.370984,0.3571839999999999,0.370984,0.361628,0.370984,0.366456,0.357192,0.374292,0.3733,0.374492,0.3744,0.3576,0.374292,0.358792,0.374292,0.363692,0.374292,0.37,0.270696,0.326124,0.286416,0.2960839999999999,0.3103,0.3209
32,0.250837,0.335882,0.277455,0.29234,0.31728,0.326487,0.349508,0.3669,0.367,0.366454,0.3668,0.350416,0.3669,0.352854,0.3669,0.358408,0.3669,0.363,0.357157,0.372814,0.371757,0.371914,0.372357,0.357814,0.372814,0.359571,0.372814,0.363914,0.372814,0.3684,0.360323,0.375369,0.375046,0.375623,0.3757,0.360323,0.375369,0.3608,0.375369,0.365823,0.375369,0.371023,0.272537,0.3278,0.2888,0.2973,0.312013,0.32232
33,0.253026,0.338012,0.279658,0.29442,0.31998,0.32993,0.352,0.3684,0.3678,0.3678,0.3681,0.352092,0.3684,0.3546,0.3684,0.3605919999999999,0.3684,0.364192,0.360472,0.374172,0.3732,0.373386,0.3736,0.3615,0.374172,0.362386,0.374172,0.365972,0.374172,0.3706,0.362354,0.376954,0.376754,0.3765,0.3769,0.3622,0.376954,0.3637,0.376954,0.367454,0.376954,0.372416,0.274752,0.3293,0.290692,0.298754,0.314074,0.32502
34,0.255615,0.34023,0.28169,0.2965,0.3241,0.333965,0.35396,0.3695,0.3695,0.36863,0.36933,0.35413,0.3695,0.35633,0.3695,0.36186,0.3695,0.3655,0.36323,0.3752,0.374415,0.3746,0.3744,0.3639,0.3752,0.3641749999999999,0.3752,0.3674,0.3752,0.3719,0.36477,0.3786,0.3778,0.3779,0.378185,0.365085,0.3786,0.365785,0.3786,0.369385,0.3786,0.3741,0.2773299999999999,0.3307299999999999,0.2927,0.300435,0.3166049999999999,0.3268
35,0.258504,0.3425,0.2842639999999999,0.2992599999999999,0.32726,0.336508,0.3563,0.370968,0.3704,0.37,0.3705,0.356368,0.370968,0.3589,0.370968,0.363468,0.370968,0.367068,0.366344,0.377,0.375844,0.3758,0.3755759999999999,0.366988,0.377,0.366544,0.377,0.3692879999999999,0.377,0.3732,0.367448,0.3798,0.379016,0.379516,0.379516,0.3677,0.3798,0.369516,0.3798,0.3716319999999999,0.3798,0.376216,0.279204,0.3321,0.2942,0.301516,0.3192799999999999,0.32904
36,0.261865,0.345666,0.2861,0.3018,0.33052,0.3394,0.359106,0.3723,0.3714,0.371006,0.372,0.358806,0.3723,0.361512,0.3723,0.3647,0.3723,0.368906,0.3683,0.3788,0.3771,0.377373,0.377973,0.368573,0.3788,0.368146,0.3788,0.3712,0.3788,0.3752,0.369841,0.381,0.3803,0.380247,0.3808,0.370894,0.381,0.371541,0.381,0.3735,0.381,0.3774,0.281093,0.3329,0.2964,0.303194,0.321571,0.3308
37,0.2645,0.3473839999999999,0.2883,0.30336,0.3327,0.344264,0.3617,0.3734,0.372732,0.3724,0.373,0.3622,0.3734,0.3633,0.3734,0.3668,0.3734,0.370732,0.371802,0.3808,0.3786,0.3783,0.379502,0.3711,0.3808,0.371802,0.3808,0.3732,0.3808,0.3767,0.371878,0.3822779999999999,0.381556,0.381378,0.3822779999999999,0.3724,0.3822779999999999,0.373878,0.3822779999999999,0.374978,0.3822779999999999,0.378878,0.283164,0.334422,0.298488,0.304756,0.324018,0.33262
38,0.267742,0.3494,0.290693,0.3057,0.3343399999999999,0.3476,0.364264,0.374782,0.3741,0.3740819999999999,0.3746,0.364382,0.374782,0.3659,0.374782,0.3688,0.374782,0.372064,0.3741,0.381931,0.379862,0.3796,0.381731,0.373724,0.381931,0.374531,0.381931,0.375131,0.381931,0.3782,0.374509,0.383409,0.383109,0.3825,0.3833,0.376,0.383409,0.376,0.383409,0.3767089999999999,0.383409,0.3807089999999999,0.285142,0.3351,0.3010319999999999,0.306359,0.326879,0.33422
39,0.2705,0.35084,0.29386,0.3084,0.3363,0.35086,0.36742,0.37622,0.37504,0.37582,0.37672,0.36772,0.37622,0.3678,0.37622,0.371,0.37622,0.3737,0.37608,0.38316,0.381,0.3816,0.38276,0.37526,0.38316,0.37646,0.38316,0.37696,0.38316,0.3793,0.37744,0.3852399999999999,0.38394,0.38384,0.38494,0.37814,0.3852399999999999,0.3778,0.3852399999999999,0.3791,0.3852399999999999,0.38204,0.28752,0.3358,0.3027,0.3077,0.3293,0.3359
40,0.2737489999999999,0.353638,0.296367,0.3108599999999999,0.3387,0.352595,0.369958,0.378458,0.376358,0.377216,0.378316,0.3699159999999999,0.378458,0.3699739999999999,0.378458,0.372558,0.378458,0.3751159999999999,0.378189,0.384856,0.382089,0.383489,0.384489,0.377289,0.384856,0.378489,0.384856,0.379089,0.384856,0.3804,0.380671,0.387171,0.385,0.385571,0.386871,0.380942,0.387171,0.3806549999999999,0.387171,0.3817,0.387171,0.383571,0.2898,0.336479,0.304108,0.309021,0.3318009999999999,0.33714
41,0.276338,0.356412,0.299554,0.31292,0.3417199999999999,0.3551,0.372296,0.3802,0.377792,0.378788,0.38,0.372492,0.3802,0.372596,0.3802,0.374096,0.3802,0.376296,0.3796,0.386,0.383218,0.384918,0.386,0.3795,0.386,0.380218,0.386,0.380818,0.386,0.3816,0.382602,0.3895,0.386002,0.3874,0.3891,0.3834,0.3895,0.382802,0.3895,0.383702,0.3895,0.385002,0.2917,0.3371,0.306396,0.312102,0.3339,0.3389
42,0.2794,0.359422,0.301841,0.315,0.3449799999999999,0.3572,0.374734,0.381868,0.379,0.3799,0.381434,0.3746,0.381868,0.3746339999999999,0.381868,0.376,0.381868,0.377568,0.381294,0.3873,0.3853,0.386247,0.3874,0.3807,0.3873,0.3826,0.3873,0.382794,0.3873,0.3828,0.384333,0.391399,0.387933,0.3887,0.3902,0.3853,0.391399,0.385333,0.391399,0.385666,0.391399,0.386033,0.2945,0.3378,0.3083,0.315283,0.335223,0.34012
43,0.2824,0.364444,0.3045,0.31792,0.34778,0.359516,0.377972,0.3832,0.3801,0.3814,0.383572,0.377444,0.3832,0.377844,0.3832,0.377972,0.3832,0.379244,0.3837,0.3891,0.3861,0.3874,0.388752,0.382976,0.3891,0.3847279999999999,0.3891,0.385928,0.3891,0.3844,0.3861,0.3928,0.389164,0.390564,0.3918,0.3873,0.3928,0.387864,0.3928,0.387664,0.3928,0.3871,0.297,0.3386,0.310872,0.318164,0.336584,0.3417
44,0.286005,0.3711,0.3067299999999999,0.3205,0.3504,0.361555,0.3797,0.3844,0.3816,0.38272,0.38441,0.3797,0.3844,0.3797,0.3844,0.3801,0.3844,0.38041,0.386805,0.39061,0.3873,0.389105,0.390105,0.3858,0.39061,0.3868,0.39061,0.3872,0.39061,0.385805,0.388695,0.394795,0.390495,0.3922,0.393395,0.389695,0.394795,0.389995,0.394795,0.3894,0.394795,0.388595,0.29891,0.339655,0.31236,0.320535,0.338245,0.3432
45,0.288888,0.373228,0.309004,0.32298,0.35226,0.363676,0.381696,0.3859,0.383196,0.3844,0.3859,0.3818,0.3859,0.382048,0.3859,0.3814,0.3859,0.3817,0.389834,0.392934,0.3886,0.390534,0.392068,0.3887339999999999,0.392934,0.389434,0.392934,0.388934,0.392934,0.3874,0.3912259999999999,0.3968259999999999,0.392026,0.393526,0.395152,0.392,0.3968259999999999,0.391652,0.3968259999999999,0.390926,0.3968259999999999,0.390126,0.300694,0.341174,0.314348,0.323852,0.3393,0.3451200000000001
46,0.292332,0.3766,0.312089,0.32598,0.35494,0.365832,0.383086,0.387086,0.384686,0.3861,0.3872,0.3831859999999999,0.387086,0.3835579999999999,0.387086,0.382872,0.387086,0.382886,0.3924,0.3944,0.3902,0.392163,0.3939,0.391426,0.3944,0.390863,0.3944,0.391,0.3944,0.3882629999999999,0.3936,0.397957,0.3937569999999999,0.3953,0.3968569999999999,0.3941419999999999,0.397957,0.394457,0.397957,0.392657,0.397957,0.392457,0.3030659999999999,0.3429,0.315972,0.325407,0.340667,0.34736
47,0.2971,0.3786,0.314976,0.33034,0.3580799999999999,0.368772,0.38532,0.389224,0.3865,0.3881,0.3893,0.386248,0.389224,0.3867,0.389224,0.384424,0.389224,0.384424,0.395,0.396684,0.3916,0.393592,0.3954,0.3945519999999999,0.396684,0.3936,0.396684,0.3922,0.396684,0.3897919999999999,0.396664,0.399588,0.395788,0.396588,0.398476,0.396976,0.399588,0.396788,0.399588,0.394488,0.399588,0.393588,0.30566,0.3442,0.318,0.3273,0.342712,0.3495
48,0.300261,0.3817819999999999,0.317689,0.3337,0.36002,0.371555,0.389224,0.391362,0.3887,0.3898,0.391224,0.388986,0.391362,0.3889,0.391362,0.387024,0.391362,0.385824,0.397363,0.3984,0.3933,0.395542,0.397121,0.3976,0.3984,0.396384,0.3984,0.394121,0.3984,0.390842,0.399038,0.4009189999999999,0.3973,0.398619,0.4,0.3995,0.4009189999999999,0.3993,0.4009189999999999,0.396057,0.4009189999999999,0.3951,0.307961,0.3451,0.320112,0.3292,0.3458,0.35116
49,0.30445,0.3839,0.32035,0.3361,0.3638,0.37365,0.3913,0.393,0.3903,0.3917,0.3925,0.3911,0.393,0.3907,0.393,0.3885,0.393,0.3873,0.4009,0.4,0.3953,0.3973,0.39855,0.4001,0.4,0.3993,0.4,0.3954499999999999,0.4,0.39235,0.40235,0.4024999999999999,0.3985,0.4003,0.4017,0.40245,0.4024999999999999,0.4017,0.4024999999999999,0.39735,0.4024999999999999,0.3972,0.3106,0.3460499999999999,0.3222,0.3315,0.34835,0.3529
50,0.307339,0.385818,0.3236,0.33898,0.36632,0.3762670000000001,0.394038,0.394638,0.391538,0.3935,0.393676,0.3939,0.394638,0.393976,0.394638,0.389838,0.394638,0.389076,0.403379,0.401179,0.397479,0.3984,0.400079,0.402516,0.401179,0.401579,0.401179,0.396579,0.401179,0.394,0.404981,0.403681,0.4006,0.4015,0.403143,0.405081,0.403681,0.404381,0.403681,0.3988,0.403681,0.398881,0.313939,0.347069,0.324964,0.333931,0.351555,0.35464
51,0.3101839999999999,0.388208,0.327472,0.3414,0.368,0.3782,0.397352,0.3964,0.3928,0.394576,0.3954,0.39698,0.3964,0.397028,0.3964,0.3912759999999999,0.3964,0.391076,0.405008,0.4024,0.399,0.400108,0.401516,0.404208,0.4024,0.403908,0.4024,0.397508,0.4024,0.3956,0.406836,0.405024,0.402212,0.403136,0.4046,0.4071,0.405024,0.4065,0.405024,0.400224,0.405024,0.4001,0.3166279999999999,0.348276,0.327528,0.3377,0.3536,0.35718
52,0.3137,0.3898,0.33,0.34438,0.37028,0.3813,0.4003,0.397328,0.395028,0.395914,0.397514,0.399714,0.397328,0.3998,0.397328,0.3930700000000001,0.397328,0.392414,0.4071,0.4034,0.400837,0.400937,0.4025,0.405911,0.4034,0.405337,0.4034,0.399137,0.4034,0.397737,0.409243,0.4065,0.403943,0.4046,0.4057,0.409243,0.4065,0.408243,0.4065,0.4019,0.4065,0.4021,0.3203169999999999,0.349,0.330328,0.3394,0.3552,0.35912
53,0.3161,0.391172,0.332694,0.34758,0.3732,0.385218,0.402552,0.398352,0.3964,0.397052,0.3984,0.401452,0.398352,0.402052,0.398352,0.395,0.398352,0.393904,0.408766,0.4042,0.4019,0.402332,0.403566,0.408866,0.4042,0.4075,0.4042,0.400566,0.4042,0.3998,0.411748,0.407948,0.405674,0.4061,0.406974,0.4116,0.407948,0.411174,0.407948,0.403522,0.407948,0.403274,0.3241240000000001,0.3505,0.333756,0.341922,0.357988,0.36176
54,0.318995,0.39408,0.337755,0.3504,0.3772,0.387845,0.40509,0.39959,0.3983899999999999,0.39809,0.3996,0.40447,0.39959,0.40458,0.39959,0.397,0.39959,0.39557,0.4108,0.405295,0.403195,0.403695,0.404495,0.410795,0.405295,0.4094,0.405295,0.4022,0.405295,0.401595,0.414305,0.409305,0.4071,0.407105,0.4087,0.414305,0.409305,0.413505,0.409305,0.405715,0.409305,0.4045,0.3272899999999999,0.352545,0.33614,0.344855,0.361255,0.3636
55,0.323984,0.3953,0.3404,0.3535,0.38078,0.39,0.408184,0.400428,0.3999,0.399628,0.4008,0.407328,0.400428,0.405984,0.400428,0.3991400000000001,0.400428,0.397428,0.4132,0.406248,0.404824,0.4048,0.4058,0.412448,0.406248,0.411224,0.406248,0.4035,0.406248,0.403148,0.417236,0.410336,0.408536,0.408236,0.4099,0.417336,0.410336,0.415,0.410336,0.4072,0.410336,0.4061,0.330536,0.3541,0.339228,0.347772,0.363316,0.3658
56,0.329119,0.3974,0.343577,0.35764,0.38582,0.394723,0.410666,0.4021,0.4014,0.4011,0.401766,0.4103,0.4021,0.408098,0.4021,0.402298,0.4021,0.4001,0.416,0.4074,0.4061060000000001,0.4059,0.4072,0.4147120000000001,0.4074,0.4134,0.4074,0.404853,0.4074,0.4061,0.4191,0.4117,0.4099669999999999,0.409767,0.411067,0.4193,0.4117,0.4173,0.4117,0.4094669999999999,0.4117,0.407534,0.332673,0.3578810000000001,0.342132,0.350717,0.365,0.36696
57,0.332762,0.399544,0.3467919999999999,0.36132,0.389,0.397662,0.412812,0.4029,0.403104,0.402,0.402608,0.412708,0.4029,0.4105,0.4029,0.403908,0.4029,0.401904,0.4182,0.4082,0.4078639999999999,0.4067,0.4079819999999999,0.417564,0.4082,0.4145,0.4082,0.4075,0.4082,0.4079819999999999,0.4215939999999999,0.412996,0.411298,0.411098,0.4123,0.421698,0.412996,0.4196,0.412996,0.4114,0.412996,0.4101,0.3367239999999999,0.364,0.3447,0.352894,0.367738,0.3683
58,0.3362509999999999,0.4021,0.350433,0.3654,0.3917799999999999,0.4008009999999999,0.415684,0.404042,0.404684,0.4039,0.404,0.4150419999999999,0.404042,0.4129839999999999,0.404042,0.4057,0.404042,0.4034,0.4200109999999999,0.4090109999999999,0.409,0.408211,0.4087,0.4194,0.4090109999999999,0.4172,0.4090109999999999,0.4099109999999999,0.4090109999999999,0.409611,0.4237,0.414329,0.4129,0.4121,0.413829,0.424,0.414329,0.4216,0.414329,0.413029,0.414329,0.412129,0.338951,0.365421,0.348,0.357079,0.371295,0.3699
59,0.3395199999999999,0.40356,0.35466,0.369,0.3939,0.40384,0.4184,0.40528,0.40598,0.405,0.40518,0.41788,0.40528,0.4148,0.40528,0.40718,0.40528,0.40558,0.4224,0.41014,0.4104599999999999,0.4091,0.4096,0.4215399999999999,0.41014,0.4191399999999999,0.41014,0.4113399999999999,0.41014,0.41114,0.42636,0.41562,0.4142,0.41396,0.41476,0.42636,0.41562,0.4241,0.41562,0.41486,0.41562,0.4132,0.3429399999999999,0.36894,0.3511599999999999,0.35986,0.3746,0.3716
60,0.343129,0.4074939999999999,0.3580489999999999,0.37256,0.39648,0.407358,0.421618,0.4071,0.407,0.407,0.4066,0.4205,0.4071,0.416772,0.4071,0.409718,0.4071,0.4078,0.424769,0.411069,0.411769,0.410269,0.4108,0.424069,0.411069,0.421338,0.411069,0.413769,0.411069,0.412669,0.429691,0.416791,0.415391,0.415491,0.4159,0.428991,0.416791,0.4254,0.416791,0.4167,0.416791,0.4148,0.3465,0.372459,0.3537,0.362723,0.3784,0.3727399999999999
61,0.345818,0.411016,0.362788,0.3753,0.3988,0.410618,0.423956,0.4082,0.4089,0.4081,0.408056,0.4232,0.4082,0.419412,0.4082,0.411956,0.4082,0.4091,0.427996,0.4124,0.413198,0.411798,0.411898,0.42629,0.4124,0.423896,0.4124,0.415996,0.4124,0.4138,0.4328,0.417622,0.417122,0.417,0.417,0.432322,0.417622,0.428,0.417622,0.4178,0.417622,0.416088,0.348854,0.3746,0.3572,0.366522,0.380764,0.37546
62,0.350621,0.416734,0.366481,0.38068,0.4011,0.4131,0.426294,0.4094,0.4101,0.4094,0.409194,0.425782,0.4094,0.422082,0.4094,0.413894,0.4094,0.4109939999999999,0.429727,0.4134,0.414854,0.4132,0.413,0.428554,0.4134,0.426027,0.4134,0.417881,0.4134,0.414827,0.434953,0.4195529999999999,0.4185,0.418153,0.418353,0.434253,0.4195529999999999,0.4310529999999999,0.4195529999999999,0.4196,0.4195529999999999,0.4182,0.351521,0.3794,0.358988,0.3692029999999999,0.383143,0.3777
63,0.354696,0.4194,0.369968,0.38424,0.40284,0.415396,0.429332,0.4104,0.411732,0.4106,0.4101,0.4290319999999999,0.4104,0.4245,0.4104,0.4164319999999999,0.4104,0.4127,0.433056,0.4148,0.416356,0.414456,0.414256,0.431956,0.4148,0.4284,0.4148,0.419156,0.4148,0.4162,0.437552,0.4205839999999999,0.4197,0.4192,0.4195839999999999,0.436268,0.4205839999999999,0.4328,0.4205839999999999,0.421768,0.4205839999999999,0.420168,0.354184,0.382316,0.3625319999999999,0.3734879999999999,0.3871,0.37956
64,0.3589900000000002,0.42447,0.374255,0.388,0.405,0.41937,0.43244,0.4113,0.41327,0.41187,0.4115,0.43217,0.4113,0.4269,0.4113,0.41888,0.4113,0.415,0.43574,0.416,0.417955,0.416,0.415285,0.434685,0.416,0.430525,0.416,0.42077,0.416,0.417485,0.440245,0.422,0.421315,0.4202,0.4211,0.4386,0.422,0.43473,0.422,0.42423,0.422,0.421515,0.356985,0.3841,0.36562,0.377165,0.38893,0.3814
65,0.362544,0.427488,0.377626,0.3917,0.40846,0.421574,0.436116,0.412308,0.414408,0.4132,0.412708,0.434816,0.412308,0.429816,0.412308,0.421208,0.412308,0.4164,0.440256,0.417214,0.419114,0.4178,0.417314,0.4388,0.417214,0.432814,0.417214,0.422614,0.417214,0.4196,0.443392,0.4234,0.423246,0.4216,0.422346,0.441946,0.4234,0.437492,0.4234,0.426446,0.4234,0.4236,0.360522,0.3858,0.370924,0.382146,0.391778,0.383
66,0.367426,0.430506,0.382358,0.39622,0.41126,0.423713,0.438192,0.4138,0.4164,0.414346,0.414046,0.437446,0.4138,0.432684,0.4138,0.4236,0.4138,0.417946,0.4427,0.418543,0.4204,0.418886,0.419143,0.4416,0.418543,0.434843,0.418543,0.425043,0.418543,0.4206,0.446177,0.4249,0.424477,0.4231,0.423731,0.444654,0.4249,0.440654,0.4249,0.427977,0.4249,0.425054,0.366,0.3879,0.375292,0.384954,0.3932,0.38458
67,0.370952,0.434724,0.3892,0.4009,0.41364,0.426052,0.440884,0.414868,0.417984,0.415868,0.415,0.439584,0.414868,0.435568,0.414868,0.425168,0.414868,0.418784,0.445888,0.419672,0.421672,0.420672,0.420472,0.444472,0.419672,0.438944,0.419672,0.426744,0.419672,0.422316,0.450316,0.426808,0.426,0.4245,0.4256,0.448416,0.426808,0.4437,0.426808,0.429708,0.426808,0.426708,0.369304,0.390084,0.381004,0.389708,0.3961,0.386
68,0.3766509999999998,0.437642,0.3943029999999999,0.4072199999999999,0.4172999999999998,0.4294639999999999,0.4436219999999999,0.4163219999999999,0.419,0.4174,0.4168219999999999,0.4414099999999999,0.4163219999999999,0.4376,0.4163219999999999,0.4270219999999999,0.4163219999999999,0.4201659999999999,0.4504,0.4211009999999999,0.4229009999999999,0.4224,0.4226,0.448003,0.4211009999999999,0.4424,0.4211009999999999,0.4292,0.4211009999999999,0.423901,0.4533,0.429,0.4274389999999999,0.4263389999999999,0.4276169999999999,0.4512389999999999,0.429,0.4462389999999999,0.429,0.4314389999999999,0.429,0.4278,0.3730409999999999,0.3931,0.3875719999999999,0.394489,0.3987179999999999,0.38796
69,0.382,0.43936,0.3964,0.4126,0.4225,0.4341899999999999,0.446,0.41762,0.4204,0.41886,0.4184,0.4442,0.41762,0.4400199999999999,0.41762,0.42846,0.41762,0.42182,0.45386,0.423,0.42449,0.42373,0.42386,0.451,0.423,0.44466,0.423,0.4314,0.423,0.42549,0.4559,0.4304699999999999,0.4289699999999999,0.42834,0.4295,0.4544,0.4304699999999999,0.44937,0.4304699999999999,0.4330799999999999,0.4304699999999999,0.42944,0.3765899999999999,0.3949,0.39218,0.4012899999999998,0.40134,0.3903
70,0.387619,0.4419,0.401754,0.4205799999999999,0.42656,0.436969,0.4487,0.419298,0.421598,0.4205,0.4205979999999999,0.447198,0.419298,0.442798,0.419298,0.430294,0.419298,0.423598,0.4578359999999999,0.424659,0.4265,0.4261,0.4261,0.454,0.424659,0.4493,0.424659,0.4325589999999999,0.424659,0.426659,0.458504,0.4321009999999999,0.4305009999999999,0.4308,0.431301,0.457,0.4321009999999999,0.452401,0.4321009999999999,0.4352,0.4321009999999999,0.4316,0.3825139999999999,0.3986,0.398696,0.407304,0.404231,0.39404
71,0.393608,0.44956,0.4072639999999999,0.42818,0.43022,0.440532,0.4529159999999999,0.4206359999999999,0.4232,0.4226359999999999,0.4223,0.4495719999999999,0.4206359999999999,0.446136,0.4206359999999999,0.431872,0.4206359999999999,0.4255359999999999,0.4614399999999999,0.4264,0.4278,0.4278,0.428,0.4582,0.4264,0.4522879999999999,0.4264,0.4346399999999999,0.4264,0.429,0.463132,0.434592,0.431932,0.432432,0.433164,0.4602,0.434592,0.454764,0.434592,0.437,0.434592,0.4332,0.3884719999999999,0.4001,0.4062879999999999,0.4115,0.4069679999999999,0.3965
72,0.397676,0.45347,0.412761,0.4328,0.4364,0.445994,0.458722,0.422622,0.425174,0.4245,0.4239,0.453874,0.422622,0.4487,0.422622,0.433274,0.422622,0.426974,0.4644169999999999,0.4284,0.429517,0.429017,0.429217,0.4614169999999999,0.4284,0.455117,0.4284,0.436417,0.4284,0.4308,0.465989,0.437,0.434,0.4343,0.4356629999999999,0.463526,0.437,0.456963,0.437,0.4394,0.437,0.4347,0.394097,0.4019,0.412772,0.4172,0.4079529999999999,0.40152
73,0.4049439999999999,0.457432,0.4198,0.441,0.44528,0.451872,0.4628,0.4241,0.426712,0.4258,0.4257,0.4593359999999999,0.4241,0.451112,0.4241,0.4359,0.4241,0.4289239999999999,0.467846,0.430392,0.431492,0.431092,0.4308,0.464676,0.430392,0.459492,0.430392,0.438246,0.430392,0.4326,0.467988,0.438882,0.435788,0.4356879999999999,0.437076,0.4661,0.438882,0.461488,0.438882,0.4416,0.438882,0.4374,0.4,0.4035,0.417,0.42097,0.4091,0.4047
74,0.412225,0.46035,0.428475,0.4478,0.4491,0.4569499999999999,0.4669,0.4256,0.42875,0.42725,0.42705,0.4636,0.4256,0.45745,0.4256,0.4375,0.4256,0.4309,0.470875,0.43235,0.433475,0.432975,0.43235,0.46765,0.43235,0.462575,0.43235,0.439675,0.43235,0.4346,0.4723,0.441025,0.4374,0.437825,0.439625,0.469,0.441025,0.464225,0.441025,0.4438,0.441025,0.4397,0.40645,0.4068,0.4207,0.424575,0.410575,0.4066
75,0.421664,0.463268,0.434212,0.45404,0.45182,0.461164,0.470964,0.427476,0.430388,0.428876,0.428764,0.468088,0.427476,0.4618879999999999,0.427476,0.439376,0.427476,0.433088,0.474204,0.434104,0.435304,0.4346,0.4339,0.470512,0.434104,0.4651,0.434104,0.441204,0.434104,0.436804,0.475412,0.443312,0.439356,0.4399,0.441768,0.472168,0.443312,0.4673,0.443312,0.4463,0.443312,0.4411,0.415256,0.408088,0.424288,0.4304679999999999,0.412736,0.40892
76,0.4273829999999999,0.467972,0.442295,0.4568400000000001,0.4583,0.465742,0.47523,0.430326,0.4325259999999999,0.430926,0.430552,0.4728,0.430326,0.465752,0.430326,0.441826,0.430326,0.435452,0.477666,0.435899,0.436933,0.4364659999999999,0.435033,0.473933,0.435899,0.4679989999999999,0.435899,0.443866,0.435899,0.439333,0.478787,0.445787,0.440687,0.4411,0.443774,0.4747,0.445787,0.470787,0.445787,0.4484,0.445787,0.4425,0.4196,0.4103,0.4306,0.435074,0.4149,0.4136599999999999
77,0.43651,0.4730159999999999,0.451658,0.46058,0.4668,0.473126,0.478964,0.4319,0.4336,0.433428,0.432864,0.477364,0.4319,0.468928,0.4319,0.444064,0.4319,0.437464,0.481624,0.4376,0.438724,0.438,0.437062,0.4776,0.4376,0.4719480000000001,0.4376,0.4456,0.4376,0.441362,0.481918,0.446718,0.4435,0.443418,0.4466,0.477972,0.446718,0.474218,0.446718,0.450818,0.446718,0.4453,0.427342,0.411964,0.438228,0.4434,0.417216,0.4164
78,0.4426,0.493844,0.459711,0.47208,0.47604,0.4786,0.482206,0.434204,0.435806,0.435602,0.434902,0.4801,0.434204,0.47281,0.434204,0.4466,0.434204,0.439002,0.484591,0.439991,0.440891,0.439582,0.439582,0.481182,0.439991,0.4751,0.439991,0.448,0.439991,0.443,0.485849,0.449649,0.4449,0.446198,0.4489,0.481749,0.449649,0.4766,0.449649,0.4532,0.449649,0.447298,0.434562,0.4148,0.446304,0.447,0.420538,0.4186
79,0.45228,0.50488,0.4729800000000001,0.4797,0.4799,0.4842,0.4867,0.43584,0.43884,0.43704,0.43664,0.4829,0.43584,0.47644,0.43584,0.4487399999999999,0.43584,0.44114,0.48992,0.44252,0.44216,0.44142,0.44212,0.48584,0.44252,0.47764,0.44252,0.4519,0.44252,0.44492,0.48888,0.4515,0.44688,0.4485,0.45028,0.48476,0.4515,0.4801,0.4515,0.45616,0.4515,0.45088,0.44122,0.41708,0.45154,0.4512,0.42288,0.4203
80,0.4615720000000001,0.518158,0.485464,0.4893600000000003,0.4868200000000001,0.4916720000000001,0.490978,0.437678,0.440778,0.439078,0.4388,0.487,0.437678,0.4796120000000001,0.437678,0.452,0.437678,0.444156,0.494349,0.4449,0.445149,0.443349,0.445449,0.490298,0.4449,0.481098,0.4449,0.454149,0.4449,0.4468,0.493611,0.453311,0.449111,0.450711,0.4521,0.488611,0.453311,0.482011,0.453311,0.4606,0.453311,0.452822,0.4462990000000001,0.422739,0.4599680000000001,0.454361,0.4245,0.4231
81,0.4707859999999998,0.5199,0.494934,0.4989,0.4901399999999999,0.5035799999999998,0.4953,0.440916,0.4427,0.440432,0.4409,0.491332,0.440916,0.484,0.440916,0.4544479999999999,0.440916,0.446416,0.4973,0.4474,0.446578,0.4456,0.447578,0.494978,0.4474,0.485134,0.4474,0.457234,0.4474,0.4489,0.499542,0.4552,0.4518419999999999,0.453142,0.4548419999999999,0.492368,0.4552,0.4846,0.4552,0.4636,0.4552,0.4551,0.455698,0.427458,0.4707,0.4587099999999999,0.427306,0.42644
82,0.480287,0.5282939999999999,0.507042,0.5072399999999999,0.49506,0.5214769999999987,0.498754,0.444154,0.445008,0.4425,0.443554,0.4955,0.444154,0.489354,0.444154,0.458,0.444154,0.4485,0.500714,0.449607,0.4478069999999999,0.448021,0.4493,0.4982069999999999,0.449607,0.4897,0.449607,0.4607,0.449607,0.451507,0.502973,0.4577,0.454773,0.4549,0.4568,0.498892,0.4577,0.4871,0.4577,0.466,0.4577,0.457673,0.4621479999999999,0.431354,0.4775,0.463369,0.4317149999999999,0.4305
83,0.495212,0.5375,0.5225399999999999,0.51212,0.5015,0.559676,0.503576,0.445992,0.4469,0.4456839999999999,0.446492,0.4996519999999999,0.445992,0.493292,0.445992,0.462,0.445992,0.4515519999999999,0.505944,0.4517359999999999,0.4498,0.4502359999999999,0.4518,0.5023,0.4517359999999999,0.4934719999999999,0.4517359999999999,0.463472,0.4517359999999999,0.454136,0.507908,0.459712,0.4583,0.457304,0.4585,0.503204,0.459712,0.490012,0.459712,0.4692159999999999,0.459712,0.4606,0.4713,0.4346919999999999,0.4820439999999998,0.4689239999999999,0.437648,0.4340199999999999
84,0.5061099999999998,0.5417,0.529395,0.5157,0.5154,0.5826949999999999,0.50778,0.4479,0.44943,0.44846,0.44913,0.50424,0.4479,0.4972,0.4479,0.46653,0.4479,0.45409,0.5101249999999999,0.453865,0.4522599999999999,0.452265,0.454965,0.5072,0.453865,0.49623,0.453865,0.467165,0.453865,0.4566,0.513805,0.461935,0.460235,0.460135,0.461135,0.5073849999999999,0.461935,0.4946399999999999,0.461935,0.4720049999999999,0.461935,0.4633,0.4875,0.44393,0.4864,0.4748099999999999,0.4402,0.4371
85,0.515562,0.544944,0.54021,0.5227,0.5444199999999999,0.589808,0.51324,0.451668,0.452068,0.450468,0.451736,0.5092679999999999,0.451668,0.501404,0.451668,0.470568,0.451668,0.456868,0.513,0.457188,0.455994,0.455588,0.4568939999999999,0.5107,0.457188,0.498394,0.457188,0.4706,0.457188,0.459182,0.518866,0.464066,0.462998,0.4626,0.463666,0.5146,0.464066,0.500032,0.464066,0.4756,0.464066,0.466432,0.500386,0.449502,0.4919,0.4784,0.4476,0.4414
86,0.5358450000000001,0.550066,0.5566010000000001,0.53064,0.55794,0.598,0.519806,0.453806,0.45553,0.455012,0.454918,0.5156059999999999,0.453806,0.5068,0.453806,0.472906,0.453806,0.460412,0.518446,0.4597,0.4583689999999999,0.459046,0.4589,0.515423,0.4597,0.5044379999999999,0.4597,0.474823,0.4597,0.4625,0.523688,0.4658,0.465488,0.465,0.465197,0.5187970000000001,0.4658,0.5038,0.4658,0.479697,0.4658,0.4694,0.5141020000000001,0.4636849999999998,0.4991479999999999,0.481982,0.4545559999999999,0.44808
87,0.5530999999999998,0.561704,0.5691919999999999,0.54156,0.6230799999999999,0.6033,0.526344,0.4561,0.459132,0.459308,0.457932,0.521132,0.4561,0.5107320000000001,0.4561,0.4761,0.4561,0.462744,0.524652,0.461704,0.4625559999999999,0.461464,0.4615039999999999,0.521508,0.461704,0.509416,0.461704,0.478812,0.461704,0.4670559999999999,0.530368,0.4689279999999999,0.468428,0.467556,0.467528,0.523228,0.4689279999999999,0.510456,0.4689279999999999,0.483,0.4689279999999999,0.4728,0.524492,0.475,0.5051840000000001,0.487512,0.462368,0.4556
88,0.5705030000000001,0.5678019999999999,0.584043,0.55244,0.68928,0.606913,0.532646,0.4602279999999999,0.463,0.4636,0.4623819999999999,0.528582,0.4602279999999999,0.5157820000000001,0.4602279999999999,0.480882,0.4602279999999999,0.4678,0.5328,0.464405,0.465662,0.464981,0.463781,0.525362,0.464405,0.515781,0.464405,0.4826,0.464405,0.4712,0.536,0.4719589999999999,0.4731359999999999,0.4714589999999999,0.4715,0.5295359999999999,0.4719589999999999,0.518195,0.4719589999999999,0.488118,0.4719589999999999,0.476018,0.534826,0.482382,0.518164,0.491209,0.470916,0.4691000000000001
89,0.5925500000000002,0.572,0.59422,0.5691,0.6952,0.60982,0.54162,0.46394,0.46882,0.46702,0.46532,0.5345,0.46394,0.52314,0.46394,0.48826,0.46394,0.4721,0.54061,0.46733,0.47114,0.46775,0.4664,0.5329300000000001,0.46733,0.5198100000000001,0.46733,0.48913,0.46733,0.4745,0.5434300000000001,0.47529,0.4779,0.4750500000000001,0.47509,0.5359100000000001,0.47529,0.52562,0.47529,0.49455,0.47529,0.48157,0.5481000000000001,0.4889,0.52676,0.4971,0.47797,0.4949
90,0.615377,0.5839460000000002,0.6013720000000001,0.58682,0.7057400000000001,0.615549,0.5499160000000001,0.468474,0.474532,0.470032,0.468858,0.5429900000000001,0.468474,0.529616,0.468474,0.4977220000000001,0.468474,0.478032,0.546012,0.4705510000000001,0.4755,0.470739,0.470078,0.540639,0.4705510000000001,0.525639,0.4705510000000001,0.4935120000000001,0.4705510000000001,0.479617,0.5525730000000001,0.480063,0.483794,0.4808,0.480921,0.542947,0.480063,0.530747,0.480063,0.499184,0.480063,0.488963,0.564199,0.492316,0.538548,0.502571,0.505663,0.5071200000000001
91,0.64514,0.5948680000000001,0.6133,0.6138400000000002,0.71706,0.619888,0.556996,0.473672,0.481088,0.476288,0.4737,0.55048,0.473672,0.53666,0.473672,0.5069520000000001,0.473672,0.49108,0.555804,0.476672,0.480604,0.475804,0.47584,0.546636,0.476672,0.532304,0.476672,0.499404,0.476672,0.48644,0.565008,0.485452,0.492112,0.485656,0.485304,0.553808,0.485452,0.538808,0.485452,0.5053519999999999,0.485452,0.497756,0.578776,0.497084,0.5485,0.5109159999999999,0.519636,0.51142
92,0.6704080000000001,0.601774,0.6250650000000001,0.6688600000000007,0.7221,0.627427,0.5745680000000001,0.4798040000000001,0.4899720000000001,0.483968,0.481334,0.561134,0.4798040000000001,0.5487360000000001,0.4798040000000001,0.514738,0.4798040000000001,0.499202,0.561794,0.4797,0.488179,0.482979,0.480794,0.5574,0.4797,0.540585,0.4797,0.5072909999999999,0.4797,0.497991,0.5772,0.4913640000000001,0.500383,0.496383,0.493715,0.566532,0.4913640000000001,0.5470320000000001,0.4913640000000001,0.5149620000000003,0.4913640000000001,0.5075810000000002,0.590308,0.503134,0.5590440000000002,0.531499,0.531538,0.51832
93,0.7156899999999997,0.6423079999999995,0.6543059999999999,0.7616999999999998,0.7247,0.6491559999999998,0.5894599999999999,0.4881319999999999,0.5013159999999999,0.4941159999999999,0.4889879999999999,0.5774359999999997,0.4881319999999999,0.5582599999999999,0.4881319999999999,0.5224439999999999,0.4881319999999999,0.5131599999999998,0.57273,0.486326,0.499652,0.492604,0.489226,0.564686,0.486326,0.5517519999999999,0.486326,0.5197780000000001,0.486326,0.5112,0.5882599999999995,0.5029,0.510714,0.506656,0.5052239999999998,0.5798,0.5029,0.554542,0.5029,0.523914,0.5029,0.5194699999999999,0.6046559999999997,0.5096860000000001,0.572272,0.539828,0.5481399999999998,0.5263599999999999
94,0.7503499999999996,0.6606799999999998,0.7312199999999991,0.8553,0.7323,0.657605,0.6073399999999999,0.50068,0.5153999999999999,0.5109699999999998,0.50712,0.59283,0.50068,0.57441,0.50068,0.5314599999999999,0.50068,0.5248,0.58868,0.5026549999999999,0.51853,0.5135949999999999,0.50782,0.5797349999999999,0.5026549999999999,0.559265,0.5026549999999999,0.528655,0.5026549999999999,0.525755,0.6031,0.5152349999999999,0.5255599999999999,0.5229899999999996,0.5183499999999999,0.5870449999999999,0.5152349999999999,0.570425,0.5152349999999999,0.533835,0.5152349999999999,0.5292949999999998,0.61742,0.5188,0.57956,0.5601,0.5698649999999998,0.5334
95,0.7945159999999998,0.6946,0.8337719999999998,0.93188,0.7382,0.6613199999999999,0.621692,0.520436,0.5298,0.526744,0.524836,0.6146480000000001,0.520436,0.589792,0.520436,0.547428,0.520436,0.53374,0.614736,0.525036,0.5326919999999999,0.531384,0.5297,0.5971759999999999,0.525036,0.56834,0.525036,0.5424199999999999,0.525036,0.5379039999999999,0.619576,0.52928,0.537612,0.5366,0.5348,0.602264,0.52928,0.583332,0.52928,0.54572,0.52928,0.542976,0.6392719999999993,0.523524,0.587504,0.582276,0.5793159999999999,0.5447799999999999
96,0.861532,0.7006680000000001,0.986617,0.9471799999999996,0.74084,0.7130489999999999,0.6471879999999999,0.532486,0.541258,0.539244,0.535658,0.629502,0.532486,0.6070439999999999,0.532486,0.56243,0.532486,0.548886,0.6308289999999995,0.535339,0.546426,0.544039,0.541665,0.619126,0.535339,0.5954130000000001,0.535339,0.5538519999999999,0.535339,0.5499039999999998,0.644635,0.5388139999999999,0.5517469999999999,0.548184,0.5455559999999999,0.631614,0.5388139999999999,0.599391,0.5388139999999999,0.5589069999999999,0.5388139999999999,0.554321,0.6696599999999999,0.528543,0.6119039999999999,0.6191389999999998,0.586934,0.5567399999999999
97,0.96097,0.7141279999999999,1.152582,0.96666,0.7672799999999997,0.7337100000000001,0.66842,0.5419240000000001,0.561812,0.557624,0.5491240000000001,0.658624,0.5419240000000001,0.62704,0.5419240000000001,0.579512,0.5419240000000001,0.568168,0.653452,0.5478360000000001,0.5599360000000001,0.5588560000000001,0.553442,0.638226,0.5478360000000001,0.6096,0.5478360000000001,0.575756,0.5478360000000001,0.5620040000000001,0.679276,0.553676,0.566376,0.565452,0.5590659999999998,0.6627699999999999,0.553676,0.6228,0.553676,0.5768659999999999,0.553676,0.5671899999999999,0.7215560000000001,0.552324,0.657296,0.6605759999999999,0.594256,0.5674600000000001
98,1.6308870000000002,0.744728,1.1883,0.98878,0.78662,0.8020269999999999,0.7409859999999999,0.5704559999999996,0.5877859999999999,0.5806339999999999,0.5704559999999996,0.6947299999999998,0.5704559999999996,0.6601299999999998,0.5704559999999996,0.6182819999999999,0.5704559999999996,0.5951839999999996,0.7080080000000002,0.5764940000000001,0.5888420000000004,0.5816660000000001,0.5764940000000001,0.6705630000000002,0.5764940000000001,0.6354230000000001,0.5764940000000001,0.609975,0.5764940000000001,0.5980350000000003,0.741897,0.582438,0.5942330000000008,0.5830210000000001,0.5837420000000001,0.7064730000000001,0.582438,0.663607,0.582438,0.6086490000000001,0.582438,0.5947260000000009,0.7754870000000003,0.5907819999999998,0.7197399999999998,0.6709980000000002,0.607895,0.5977
