percentiles,hv10,hv120,hv150,hv180,hv20,hv30,hv60,hv90,ivcall10,ivcall1080,ivcall120,ivcall150,ivcall180,ivcall20,ivcall270,ivcall30,ivcall360,ivcall60,ivcall720,ivcall90,ivput10,ivput1080,ivput120,ivput150,ivput180,ivput20,ivput270,ivput30,ivput360,ivput60,ivput720,ivput90,phv10,phv120,phv150,phv180,phv20,phv30,phv60,phv90
0,0.0709,0.0,0.0,0.0,0.096132,0.1115,0.130284,0.146612,0.184247,0.171598,0.177,0.175496,0.173398,0.184247,0.171598,0.184247,0.171598,0.184247,0.171598,0.182794,0.195826,0.2088,0.2053,0.208178,0.209152,0.195826,0.2088,0.196108,0.2088,0.200478,0.2088,0.2044,0.127412,0.0,0.0,0.0,0.1372,0.142012,0.14612,0.1548
1,0.084524,0.159224,0.153148,0.0,0.1099199999999999,0.122868,0.143124,0.1512,0.191884,0.1771,0.183796,0.181298,0.179396,0.191884,0.1771,0.191884,0.1771,0.1918959999999999,0.1771,0.1890939999999999,0.20212,0.213052,0.210652,0.212256,0.2131,0.202756,0.213052,0.203056,0.213052,0.205608,0.213052,0.209016,0.135144,0.1683,0.1716,0.0,0.141624,0.1488479999999999,0.157948,0.160932
2,0.093844,0.165872,0.1656,0.1647,0.1204359999999999,0.1331719999999999,0.147544,0.1559,0.196094,0.183747,0.190282,0.185935,0.1846,0.196094,0.183747,0.196094,0.183747,0.195947,0.183747,0.1949,0.207278,0.2163,0.214778,0.216578,0.215678,0.2070239999999999,0.2163,0.208056,0.2163,0.2105,0.2163,0.213978,0.141836,0.170544,0.1757,0.1837,0.15168,0.155808,0.165136,0.169036
3,0.101796,0.169748,0.170736,0.169444,0.126844,0.138248,0.151296,0.1603,0.199492,0.18888,0.1948959999999999,0.191588,0.1894,0.199492,0.18888,0.199492,0.18888,0.1992,0.18888,0.197184,0.2117,0.220212,0.217704,0.219808,0.220404,0.2117,0.220212,0.211808,0.220212,0.213408,0.220212,0.216904,0.1473,0.175548,0.183848,0.1908,0.157236,0.161948,0.173444,0.173148
4,0.1072,0.1732,0.17646,0.17606,0.13388,0.14328,0.15526,0.1641,0.202445,0.193435,0.197245,0.195345,0.194535,0.202445,0.193435,0.2028,0.193435,0.2022,0.193435,0.2,0.21512,0.22393,0.2208,0.22282,0.22363,0.21543,0.22393,0.21556,0.22393,0.21643,0.22393,0.2194,0.1511,0.18306,0.1873,0.1939,0.16286,0.16846,0.1777,0.17816
5,0.111672,0.176672,0.184444,0.189272,0.1376,0.1476,0.1583,0.1662,0.2054939999999999,0.195494,0.2004,0.1988879999999999,0.1971939999999999,0.2054939999999999,0.195494,0.205888,0.195494,0.204894,0.195494,0.2023,0.2175,0.226256,0.223456,0.225256,0.226356,0.2175,0.226256,0.217812,0.226256,0.219312,0.226256,0.221836,0.155672,0.185772,0.1917599999999999,0.198144,0.166672,0.1735,0.179872,0.181716
6,0.116484,0.181284,0.188684,0.1953,0.141284,0.1511,0.161684,0.1699,0.209043,0.1989,0.202843,0.201072,0.2007,0.209043,0.1989,0.209043,0.1989,0.2083,0.1989,0.204543,0.220164,0.228882,0.2249,0.2274,0.228882,0.220164,0.228882,0.219982,0.228882,0.221082,0.228882,0.223382,0.159568,0.189684,0.196784,0.202036,0.170668,0.1763,0.182184,0.1851
7,0.1220919999999999,0.1839,0.1924,0.199296,0.145096,0.1545959999999999,0.164496,0.1747,0.210984,0.202168,0.2054919999999999,0.2039919999999999,0.2036919999999999,0.210984,0.202168,0.210892,0.202168,0.2102,0.202168,0.207576,0.222416,0.230232,0.227216,0.228908,0.2301,0.222416,0.230232,0.2224,0.230232,0.223408,0.230232,0.2258,0.1627839999999999,0.1945879999999999,0.200996,0.207696,0.1745,0.178696,0.1850959999999999,0.1876
8,0.126008,0.1863159999999999,0.196208,0.2009,0.1489,0.1578399999999999,0.169708,0.177308,0.2129,0.2049,0.2078229999999999,0.2062,0.2055,0.2129,0.2049,0.212841,0.2049,0.2122409999999999,0.2049,0.209441,0.224668,0.231768,0.229034,0.230534,0.2316,0.224534,0.231768,0.224434,0.231768,0.225434,0.231768,0.228034,0.165308,0.1979,0.206408,0.2118239999999999,0.1772,0.1807,0.1876,0.1905
9,0.12872,0.19052,0.19762,0.20214,0.1518,0.1605,0.1737,0.1827,0.21537,0.2063,0.2095,0.20879,0.208,0.2154,0.2063,0.21509,0.2063,0.2148,0.2063,0.2107,0.22652,0.23356,0.2303,0.23194,0.23346,0.2264,0.23356,0.22622,0.23356,0.2274,0.23356,0.22966,0.1682,0.2047,0.20972,0.214,0.1795,0.18314,0.19012,0.19716
10,0.1319,0.193732,0.1988,0.2032,0.1549,0.1634,0.177432,0.186032,0.2180389999999999,0.2083,0.211039,0.210178,0.209539,0.2181779999999999,0.2083,0.217878,0.2083,0.2168,0.2083,0.212478,0.229272,0.2351,0.231686,0.233986,0.234886,0.228986,0.2351,0.228686,0.2351,0.229286,0.2351,0.2313,0.170864,0.207932,0.2133,0.2151,0.182232,0.1867,0.191832,0.2021
11,0.135444,0.1958,0.200688,0.204444,0.157744,0.166144,0.181644,0.190744,0.220388,0.210388,0.2133,0.2119,0.2111,0.220664,0.210388,0.220264,0.210388,0.218888,0.210388,0.214664,0.230324,0.2363,0.233224,0.235612,0.2365,0.230212,0.2363,0.2301,0.2363,0.2303,0.2363,0.232712,0.174044,0.2114,0.2163,0.2177,0.1839,0.1891,0.195544,0.206044
12,0.1382,0.1973,0.202956,0.2053,0.161256,0.1684,0.185012,0.192712,0.221837,0.2113,0.215537,0.2133,0.213037,0.2219,0.2113,0.221937,0.2113,0.2209,0.2113,0.217437,0.2321379999999999,0.2375,0.2353,0.237,0.2375759999999999,0.2321379999999999,0.2375,0.2317,0.2375,0.232038,0.2375,0.2344379999999999,0.1771,0.215212,0.218656,0.2189,0.185956,0.192756,0.2006,0.2079
13,0.1409,0.1991,0.2046,0.2065,0.163404,0.170904,0.1881,0.195504,0.223058,0.213,0.217486,0.215686,0.214872,0.2231,0.213,0.223058,0.213,0.222,0.213,0.2191,0.2339,0.2389,0.236328,0.238364,0.239,0.233728,0.2389,0.2334,0.2389,0.234,0.2389,0.236064,0.1794,0.2181,0.2208,0.2205,0.1884,0.195568,0.203868,0.210168
14,0.145,0.2013199999999999,0.20598,0.20758,0.16598,0.1742,0.1899,0.19718,0.225,0.2153699999999999,0.2193699999999999,0.2174,0.216635,0.225,0.2153699999999999,0.2250349999999999,0.2153699999999999,0.22357,0.2153699999999999,0.2209,0.2355,0.2406,0.23829,0.2395,0.2407,0.2354,0.2406,0.2354,0.2406,0.2356,0.2406,0.2369,0.1827,0.2201,0.2224799999999999,0.22238,0.19008,0.19758,0.2062,0.213
15,0.147692,0.2032759999999999,0.206892,0.208784,0.169492,0.1773,0.1923,0.1993,0.227068,0.216884,0.2213,0.219084,0.2184,0.2271,0.216884,0.2271,0.216884,0.225284,0.216884,0.2221,0.2369,0.2419,0.2397,0.241016,0.2424,0.236816,0.2419,0.2368,0.2419,0.2368,0.2419,0.238648,0.1845919999999999,0.2220839999999999,0.2243919999999999,0.224676,0.192192,0.1993,0.207692,0.216392
16,0.150408,0.205404,0.2093,0.2104,0.1718,0.1808,0.1953,0.2015,0.228533,0.218433,0.2224,0.220899,0.219733,0.2286,0.218433,0.228533,0.218433,0.227033,0.218433,0.223433,0.238642,0.243542,0.240642,0.2427,0.2436,0.238642,0.243542,0.238542,0.243542,0.2384,0.243542,0.2402,0.186404,0.2246,0.2263,0.2278,0.194704,0.200904,0.209404,0.218404
17,0.153216,0.206616,0.2105159999999999,0.2117,0.174132,0.183616,0.1974,0.2035,0.230146,0.2203,0.224,0.2225,0.221282,0.230282,0.2203,0.229882,0.2203,0.228482,0.2203,0.225264,0.2406,0.2455,0.242168,0.2442,0.245436,0.2407,0.2455,0.240136,0.2455,0.2405,0.2455,0.2418,0.1885,0.2264159999999999,0.2288,0.2292,0.1976,0.203116,0.212116,0.221216
18,0.1557,0.2083,0.211928,0.2126,0.1757,0.1873,0.199028,0.2058,0.2313,0.2218,0.225531,0.2237,0.2226,0.2314,0.2218,0.231131,0.2218,0.2295,0.2218,0.2275,0.2425,0.2474,0.243994,0.2455,0.2472,0.242782,0.2474,0.2423,0.2474,0.2418,0.2474,0.2433,0.1903,0.2281,0.2301,0.2303,0.200128,0.205528,0.214528,0.2235
19,0.15814,0.21084,0.21338,0.2135,0.1788,0.1898,0.20114,0.2073,0.2327,0.2229,0.22744,0.2253,0.2239,0.2329,0.2229,0.2327,0.2229,0.23118,0.2229,0.22876,0.24502,0.24872,0.2456,0.24732,0.24862,0.245,0.24872,0.24452,0.24872,0.24334,0.24872,0.24452,0.19184,0.22938,0.231,0.2313,0.20224,0.20784,0.21684,0.2248
20,0.1613,0.2126,0.214552,0.2148,0.182,0.1913,0.203052,0.2084,0.233829,0.224429,0.2287,0.2271,0.225529,0.234,0.224429,0.233729,0.224429,0.232329,0.224429,0.230458,0.246646,0.2503,0.247046,0.2488,0.249992,0.246646,0.2503,0.245992,0.2503,0.245492,0.2503,0.2459,0.1941,0.2307519999999999,0.232,0.2323,0.204,0.2098519999999999,0.2189,0.226352
21,0.1642,0.214728,0.2154,0.2169,0.1857279999999999,0.1943,0.205064,0.209864,0.235878,0.225778,0.2299,0.228378,0.2269,0.2359,0.225778,0.2357,0.225778,0.2332,0.225778,0.2316,0.2488,0.252316,0.248772,0.250072,0.251872,0.2483,0.252316,0.248172,0.252316,0.2472,0.252316,0.2473,0.1955,0.2318,0.2328,0.2337,0.2062,0.211828,0.220864,0.2278639999999999
22,0.167176,0.217,0.2173,0.2187,0.189052,0.196776,0.2082,0.2115,0.2377,0.227827,0.231527,0.229427,0.228354,0.2378,0.227827,0.237527,0.227827,0.235,0.227827,0.233,0.2506,0.2533,0.2499,0.251798,0.252998,0.250394,0.2533,0.249798,0.2533,0.248798,0.2533,0.249398,0.197276,0.233128,0.2337,0.235,0.208276,0.213776,0.2225,0.2301
23,0.1703,0.2192879999999999,0.219776,0.2202,0.1913879999999999,0.1992,0.2102,0.2132,0.239276,0.2292,0.2327,0.231,0.229652,0.239452,0.2292,0.239076,0.2292,0.236776,0.2292,0.234052,0.252224,0.254924,0.2518,0.253124,0.254348,0.252,0.254924,0.251724,0.254924,0.2506,0.254924,0.2515,0.1998879999999999,0.2344,0.2344,0.2358,0.2094879999999999,0.215188,0.224688,0.2314
24,0.1734,0.2214,0.221,0.2221,0.1949,0.2013,0.212,0.2156,0.240525,0.23085,0.23395,0.2323,0.231125,0.2406,0.23085,0.24025,0.23085,0.2384,0.23085,0.23525,0.2537,0.2563,0.2528,0.25465,0.2559,0.25315,0.2563,0.25295,0.2563,0.2521,0.2563,0.25285,0.2015,0.2354,0.2358,0.2369,0.2109,0.2167,0.2262,0.2328
25,0.1755239999999999,0.2231,0.222012,0.223612,0.197,0.2042,0.2142,0.2186,0.2417,0.231974,0.2355,0.233374,0.232474,0.241848,0.231974,0.241674,0.231974,0.2398,0.231974,0.2371,0.2556759999999999,0.2575759999999999,0.2539,0.255776,0.257452,0.2554,0.2575759999999999,0.254704,0.2575759999999999,0.253376,0.2575759999999999,0.2541759999999999,0.202912,0.2362,0.2372,0.237812,0.213112,0.2182,0.227312,0.234
26,0.177624,0.2249,0.2231479999999999,0.2247,0.1989,0.206724,0.2164,0.2213,0.243,0.233623,0.237123,0.234923,0.233946,0.2433,0.233623,0.2431,0.233623,0.2408,0.233623,0.2383,0.257202,0.2595,0.2556,0.2571,0.259004,0.257002,0.2595,0.2566,0.2595,0.255302,0.2595,0.2559,0.2052,0.2373,0.238124,0.239,0.215,0.2196,0.2294,0.2355
27,0.180236,0.2262,0.2248,0.2259,0.2018,0.2086,0.218572,0.2238,0.2445,0.235,0.238572,0.2365,0.235472,0.2446,0.235,0.2445,0.235,0.241872,0.235,0.239772,0.259056,0.261028,0.256728,0.259028,0.260628,0.2589,0.261028,0.258728,0.261028,0.256728,0.261028,0.2571,0.206736,0.238236,0.239136,0.2399,0.216436,0.221,0.231236,0.2372
28,0.182796,0.227,0.227248,0.2269,0.2043,0.2103439999999999,0.2206,0.226648,0.2456,0.236921,0.2398,0.238221,0.237221,0.2458,0.236921,0.2458,0.236921,0.2433,0.236921,0.241121,0.2612,0.262,0.2585,0.2605,0.262,0.2609619999999999,0.262,0.260554,0.262,0.258954,0.262,0.258954,0.2082,0.2392,0.240248,0.240948,0.2177,0.2222,0.2331,0.2384
29,0.1852599999999999,0.2286,0.2288599999999999,0.2276,0.2066599999999999,0.21266,0.2221,0.2281,0.24717,0.23807,0.2408,0.2393,0.2388,0.24737,0.23807,0.24727,0.23807,0.24477,0.23807,0.2425,0.2621,0.26358,0.2601799999999999,0.2616,0.2633,0.26198,0.26358,0.2617799999999999,0.26358,0.26058,0.26358,0.2605,0.2098,0.2402,0.2409599999999999,0.24206,0.2196,0.2234,0.23426,0.2394599999999999
30,0.187844,0.2309,0.2304,0.2283,0.208572,0.2148,0.223772,0.229972,0.2486189999999999,0.2393,0.2421,0.2408189999999999,0.2400189999999999,0.2488189999999999,0.2393,0.248738,0.2393,0.246119,0.2393,0.243419,0.264006,0.265106,0.2617,0.2631,0.2646,0.2639,0.265106,0.263106,0.265106,0.261906,0.265106,0.261706,0.211372,0.241272,0.242272,0.2426,0.2208,0.224472,0.2351,0.2406
31,0.1900839999999999,0.2319,0.2319,0.2293,0.2106,0.2164,0.2255839999999999,0.2316,0.249668,0.240568,0.2433,0.2425,0.241168,0.249768,0.240568,0.2497,0.240568,0.247668,0.240568,0.244868,0.2661,0.2661,0.263,0.2644,0.2655,0.265428,0.2661,0.265132,0.2661,0.2635,0.2661,0.2631,0.2132,0.2419,0.2433,0.2436,0.222,0.2257,0.2365,0.2417839999999999
32,0.192596,0.2343,0.2339,0.230896,0.212396,0.2185,0.226896,0.233296,0.2512,0.242017,0.244617,0.243634,0.242817,0.2513,0.242017,0.2513,0.242017,0.248917,0.242017,0.246517,0.2671,0.267316,0.264816,0.2658,0.2668,0.2669,0.267316,0.266358,0.267316,0.2651,0.267316,0.265,0.214396,0.2429,0.243996,0.245096,0.2238,0.2273,0.2374959999999999,0.2427
33,0.194624,0.2358,0.2347,0.2318,0.2138,0.2203,0.2287,0.2348,0.2524,0.2432,0.246498,0.244832,0.2442,0.252466,0.2432,0.252666,0.2432,0.250498,0.2432,0.247566,0.2686,0.268584,0.2662839999999999,0.2669,0.2677,0.2685,0.268584,0.2677,0.268584,0.266568,0.268584,0.266184,0.216116,0.2436,0.244808,0.246,0.2254,0.2284,0.2387,0.2438
34,0.1976,0.23692,0.2353,0.2329,0.2156,0.22222,0.2301,0.2362,0.2542149999999999,0.244415,0.2480149999999999,0.246415,0.2457,0.254115,0.244415,0.254315,0.244415,0.2521,0.244415,0.2494,0.2703,0.27011,0.26761,0.26791,0.2692,0.27002,0.27011,0.2698,0.27011,0.2682299999999999,0.27011,0.2674,0.2177,0.2448199999999999,0.2458,0.247,0.2264199999999999,0.2303,0.2395199999999999,0.2445
35,0.199532,0.237832,0.2362,0.2338,0.217832,0.2248,0.231732,0.237732,0.2561,0.2458,0.249,0.248328,0.2473,0.256028,0.2458,0.256428,0.2458,0.253664,0.2458,0.2512,0.271572,0.2712,0.2688,0.2693,0.270436,0.2712,0.2712,0.2712,0.2712,0.270072,0.2712,0.269136,0.219632,0.2459,0.2467319999999999,0.2479,0.2274,0.2317,0.2403,0.2452
36,0.201844,0.2389,0.237044,0.2349,0.219144,0.2265,0.2328,0.2395,0.2579,0.247226,0.2501,0.2495,0.248813,0.2578129999999999,0.247226,0.2581,0.247226,0.2552129999999999,0.247226,0.2524,0.273,0.2726,0.2699,0.2703,0.271662,0.272662,0.2726,0.2723,0.2726,0.271362,0.2726,0.2706,0.221,0.2472,0.248644,0.2485,0.2286,0.2334,0.2412,0.2459
37,0.2039,0.240156,0.238556,0.236056,0.2203,0.227856,0.234356,0.240656,0.259862,0.249262,0.2515,0.2512,0.250462,0.259762,0.249262,0.260162,0.249262,0.256962,0.249262,0.2539,0.2746,0.2734,0.2711,0.271488,0.2728,0.2743,0.2734,0.273988,0.2734,0.2727,0.2734,0.2723,0.2225,0.2481,0.2497,0.2491,0.2302,0.235056,0.2421,0.246556
38,0.206,0.2412,0.239768,0.236968,0.2225,0.229504,0.236068,0.2419,0.261411,0.250811,0.253511,0.2525,0.251822,0.261411,0.250811,0.261511,0.250811,0.2585,0.250811,0.2558,0.2756,0.2746,0.272614,0.273014,0.2739,0.2755,0.2746,0.275014,0.2746,0.273914,0.2746,0.2739,0.223768,0.2489,0.2504,0.2501,0.2316,0.2367,0.2431,0.2472
39,0.20828,0.2421,0.2405,0.2383,0.2242,0.23096,0.23758,0.24308,0.2628,0.2523,0.25506,0.25426,0.25366,0.26276,0.2523,0.26314,0.2523,0.2599,0.2523,0.25686,0.2766,0.27602,0.27418,0.2746,0.27504,0.2766,0.27602,0.27624,0.27602,0.27514,0.27602,0.27494,0.2252,0.2496,0.2511,0.2506,0.2333,0.2384,0.2442,0.2477
40,0.2109,0.243,0.241392,0.2399919999999999,0.2257,0.2329839999999999,0.239592,0.244192,0.2648,0.254,0.256609,0.255609,0.255109,0.2648,0.254,0.2648,0.254,0.261509,0.254,0.258,0.2787,0.277466,0.275566,0.2762,0.2762,0.2785,0.277466,0.278,0.277466,0.276666,0.277466,0.276066,0.2264,0.2505,0.2521,0.251392,0.234392,0.2395,0.244892,0.2485
41,0.2132,0.2441,0.2425,0.2415,0.227304,0.234404,0.2415079999999999,0.245,0.2666,0.255258,0.257958,0.256958,0.256458,0.2665,0.255258,0.2665,0.255258,0.263074,0.255258,0.2595,0.280192,0.2786,0.277,0.277692,0.2777,0.279992,0.2786,0.279492,0.2786,0.2784,0.2786,0.2778,0.2281,0.251204,0.253,0.252204,0.235504,0.2411,0.2462,0.2489
42,0.216248,0.2455,0.243416,0.2437,0.2288,0.2357,0.243,0.2464,0.2684,0.2569,0.2596,0.2581,0.2578,0.2683069999999999,0.2569,0.268407,0.2569,0.2648,0.2569,0.261,0.2815,0.2797,0.2789,0.278518,0.279118,0.2814,0.2797,0.2813,0.2797,0.279518,0.2797,0.2789,0.229716,0.2521,0.254016,0.253516,0.237,0.242532,0.2474,0.2495
43,0.2184,0.247028,0.2459,0.246756,0.230728,0.237028,0.2443,0.2475,0.27,0.2577,0.261,0.259356,0.2591,0.27,0.2577,0.269956,0.2577,0.2665,0.2577,0.261968,0.2832,0.281344,0.280588,0.2804,0.2806,0.282888,0.281344,0.282588,0.281344,0.2814,0.281344,0.280344,0.2313,0.2532,0.2552,0.254728,0.2385,0.244,0.249,0.25
44,0.2204,0.24784,0.2475,0.24824,0.2323,0.238,0.24544,0.24834,0.271305,0.259005,0.26181,0.261,0.2604,0.271305,0.259005,0.2713,0.259005,0.2676,0.259005,0.263805,0.28497,0.2829,0.28207,0.2819,0.2822,0.28457,0.2829,0.28417,0.2829,0.2828,0.2829,0.2822,0.23278,0.2538,0.2561,0.2561,0.24024,0.2453,0.25054,0.2508
45,0.222556,0.2491519999999999,0.25,0.2494,0.233652,0.239952,0.247,0.2495,0.2736,0.260754,0.264,0.261908,0.261454,0.2736,0.260754,0.273462,0.260754,0.269354,0.260754,0.265254,0.286796,0.2845,0.2834,0.283096,0.283592,0.2867,0.2845,0.2859,0.2845,0.284596,0.2845,0.284096,0.234852,0.2546,0.257152,0.257,0.242056,0.2471,0.251752,0.251552
46,0.2245639999999999,0.2502,0.2521,0.2508919999999999,0.235264,0.241664,0.248,0.2505,0.2759,0.2616,0.2652,0.2634,0.2624,0.2759,0.2616,0.2759029999999999,0.2616,0.2709029999999999,0.2616,0.2667,0.2884,0.286322,0.2850439999999999,0.284822,0.285722,0.288222,0.286322,0.2876,0.286322,0.286622,0.286322,0.285822,0.237,0.2554,0.2579,0.2583,0.2437,0.2487,0.2531,0.2521
47,0.227076,0.2515,0.2542,0.2525,0.236976,0.2437,0.249752,0.2521,0.2772,0.262952,0.266452,0.264752,0.2642,0.2773,0.262952,0.277604,0.262952,0.272652,0.262952,0.268452,0.290348,0.2882,0.2868,0.2868,0.2876,0.290196,0.2882,0.289248,0.2882,0.288096,0.2882,0.2877,0.2387,0.2564,0.2592,0.2589,0.245176,0.249976,0.2541,0.253
48,0.2296,0.252888,0.2555,0.253488,0.2389,0.2457,0.250988,0.2533,0.2789,0.265,0.2677,0.266,0.2657009999999999,0.2789009999999999,0.265,0.279201,0.265,0.275,0.265,0.269601,0.292274,0.289274,0.288374,0.2885,0.2893,0.292074,0.289274,0.291774,0.289274,0.29,0.289274,0.289274,0.2404,0.257488,0.260988,0.2594,0.2462879999999999,0.2511,0.2552,0.2542
49,0.2321,0.2555,0.2563,0.2551,0.2411,0.2476,0.2524,0.2546,0.281,0.26675,0.2695,0.2676,0.2668,0.281,0.26675,0.28095,0.26675,0.277,0.26675,0.2713,0.2947,0.291,0.2909,0.2905,0.2909,0.294,0.291,0.294,0.291,0.2921,0.291,0.2919,0.2424,0.2586,0.2622,0.2601,0.2482,0.2524,0.2562,0.2555
50,0.2342,0.257,0.257612,0.2564,0.2425,0.249412,0.2543,0.255812,0.282799,0.2677,0.271099,0.268999,0.268299,0.282799,0.2677,0.282899,0.2677,0.278199,0.2677,0.2732,0.296778,0.292726,0.2929259999999999,0.292126,0.2921,0.297226,0.292726,0.2973,0.292726,0.2944259999999999,0.292726,0.2944,0.244,0.2601,0.2633,0.2608,0.2499,0.254112,0.2575,0.257412
51,0.236424,0.2582,0.259,0.2576,0.244624,0.2507,0.2563,0.2569,0.2842,0.2697,0.272548,0.2708,0.269748,0.284344,0.2697,0.2845,0.2697,0.280548,0.2697,0.275748,0.299252,0.2944,0.295552,0.294552,0.293904,0.299252,0.2944,0.2993,0.2944,0.2962559999999999,0.2944,0.2959,0.245924,0.2623,0.2638,0.261324,0.251224,0.255824,0.2588,0.258824
52,0.2395,0.2599,0.260436,0.2586,0.246236,0.2523,0.257672,0.2579,0.2865,0.271497,0.274294,0.2725,0.271197,0.2865,0.271497,0.2865,0.271497,0.2821,0.271497,0.2776,0.3008,0.2961,0.2975,0.296678,0.2959,0.300756,0.2961,0.300878,0.2961,0.2991,0.2961,0.2983,0.248036,0.2639,0.2645,0.262136,0.253,0.257336,0.26,0.2603
53,0.242196,0.2611,0.2616,0.2595,0.2479,0.253748,0.2596,0.2595,0.2891,0.273246,0.276192,0.274646,0.273246,0.2891,0.273246,0.289046,0.273246,0.2839,0.273246,0.279492,0.3035,0.2978,0.299404,0.2992080000000001,0.299004,0.303304,0.2978,0.303404,0.2978,0.300416,0.2978,0.2998,0.250348,0.265,0.2653,0.263,0.255548,0.2584,0.261148,0.2618
54,0.2452,0.2621,0.2629,0.26136,0.25006,0.2555,0.2611,0.26066,0.292095,0.274595,0.2775,0.2764,0.2753,0.292095,0.274595,0.2919,0.274595,0.286195,0.274595,0.2812,0.30673,0.30003,0.30096,0.3012,0.30116,0.30673,0.30003,0.30666,0.30003,0.3027,0.30003,0.3022,0.252,0.26646,0.266,0.2636,0.25756,0.2594,0.2622,0.2633
55,0.248,0.2633,0.264672,0.264072,0.252172,0.2577,0.2627,0.2626,0.2940439999999999,0.276,0.279032,0.2778,0.2768,0.2941,0.276,0.293844,0.276,0.289044,0.276,0.2834,0.309156,0.302612,0.3031,0.303256,0.303556,0.3092,0.302612,0.309156,0.302612,0.3051,0.302612,0.304256,0.253872,0.2673,0.2663,0.265,0.2595,0.2611,0.2634,0.264372
56,0.251152,0.265384,0.265884,0.265584,0.2543,0.259484,0.2648,0.2645,0.296058,0.277793,0.2811,0.279393,0.2785,0.2954,0.277793,0.295086,0.277793,0.2918,0.277793,0.2855,0.311182,0.3047100000000001,0.304864,0.305364,0.305864,0.311182,0.3047100000000001,0.3111,0.3047100000000001,0.307282,0.3047100000000001,0.307464,0.2554,0.2687,0.267,0.2658,0.260984,0.262684,0.264884,0.266084
57,0.2539,0.266896,0.267996,0.2678,0.256496,0.2615,0.2672919999999999,0.2661,0.2978,0.279784,0.2834,0.281,0.2806,0.2978,0.279784,0.297442,0.279784,0.2938,0.279784,0.288242,0.3136,0.307308,0.307324,0.307208,0.308108,0.313508,0.307308,0.313508,0.307308,0.309608,0.307308,0.309708,0.2573,0.270096,0.268096,0.2667,0.2630879999999999,0.264196,0.2662,0.2674
58,0.2567,0.2684,0.2697,0.27,0.2591,0.2631,0.269308,0.2671,0.3008909999999999,0.2818819999999999,0.2855,0.2834,0.282682,0.3008909999999999,0.2818819999999999,0.300291,0.2818819999999999,0.295382,0.2818819999999999,0.291182,0.3181,0.3091,0.3101339999999999,0.3092,0.310434,0.3179,0.3091,0.317834,0.3091,0.312434,0.3091,0.3118,0.2595,0.2712,0.269,0.2681,0.2652,0.2657,0.2672,0.268708
59,0.2597199999999999,0.2704,0.2716,0.2721,0.26142,0.2651,0.2714,0.2691,0.30394,0.2839399999999999,0.2878,0.28578,0.2847599999999999,0.30394,0.2839399999999999,0.3036799999999999,0.2839399999999999,0.2977,0.2839399999999999,0.2938,0.32036,0.31116,0.31268,0.31176,0.31304,0.3195999999999999,0.31116,0.31942,0.31116,0.31606,0.31116,0.31406,0.2618,0.27214,0.27,0.2694,0.2665,0.2671,0.2682199999999999,0.2704
60,0.262632,0.272064,0.2734,0.2751,0.264364,0.2682319999999999,0.2736,0.2703,0.3060889999999999,0.2866889999999999,0.2899779999999999,0.2882889999999999,0.2875669999999999,0.3060889999999999,0.2866889999999999,0.3054889999999999,0.2866889999999999,0.2992,0.2866889999999999,0.2953889999999999,0.322986,0.3136,0.3168,0.314886,0.314486,0.322858,0.3136,0.323,0.3136,0.3181,0.3136,0.3176,0.264,0.273032,0.2717,0.271,0.2687319999999999,0.2684,0.2698,0.2725
61,0.2651,0.2742,0.275144,0.276544,0.2673,0.2704,0.2752,0.271644,0.3101139999999999,0.289438,0.2925,0.2900759999999999,0.2900379999999999,0.309538,0.289438,0.3084,0.289438,0.303276,0.289438,0.297738,0.326024,0.316012,0.3185,0.317512,0.316112,0.326,0.316012,0.3258239999999999,0.316012,0.320312,0.316012,0.320024,0.2662,0.2744,0.272844,0.272444,0.270544,0.269944,0.271044,0.2744
62,0.267956,0.276656,0.2763,0.2782,0.2702,0.272756,0.2774,0.2734,0.3133,0.2916,0.2942,0.292687,0.291887,0.313074,0.2916,0.312,0.2916,0.304987,0.2916,0.299587,0.3294,0.318538,0.321176,0.3206,0.318838,0.3293,0.318538,0.329338,0.318538,0.322938,0.318538,0.323,0.2684,0.2752,0.2739,0.274256,0.272,0.271456,0.2728,0.2759
63,0.2709,0.2781,0.2778,0.280168,0.2726679999999999,0.2746,0.279,0.275,0.315436,0.294,0.296972,0.2947,0.293936,0.315436,0.294,0.314172,0.294,0.3073,0.294,0.302408,0.3328,0.321064,0.324192,0.322864,0.321964,0.332764,0.321064,0.332364,0.321064,0.325928,0.321064,0.326128,0.271,0.2761,0.2749,0.2756679999999999,0.2738,0.2728679999999999,0.2747679999999999,0.2779
64,0.27376,0.2793,0.279,0.28278,0.27634,0.2774,0.28028,0.2765,0.317885,0.296185,0.298885,0.2974,0.2969,0.3178,0.296185,0.3168,0.296185,0.310385,0.296185,0.3049,0.3353899999999999,0.3236,0.32639,0.32509,0.325,0.3354,0.3236,0.335,0.3236,0.32969,0.3236,0.3296,0.27356,0.2771,0.2757,0.2777,0.2757,0.2745,0.2767,0.2792
65,0.2777,0.280976,0.280392,0.2852,0.279,0.280392,0.281592,0.2784,0.3215,0.298734,0.302,0.3003,0.299934,0.321368,0.298734,0.319868,0.298734,0.3133,0.298734,0.307002,0.337716,0.325832,0.329316,0.327864,0.327432,0.337616,0.325832,0.337316,0.325832,0.333316,0.325832,0.332416,0.275992,0.2782,0.2768,0.278892,0.277692,0.2766,0.2787,0.281392
66,0.279904,0.2824,0.2815,0.287904,0.2811,0.282904,0.2838,0.280704,0.325283,0.3012,0.304283,0.303149,0.302283,0.325632,0.3012,0.323866,0.3012,0.3156,0.3012,0.310083,0.340184,0.3293,0.332642,0.331784,0.329984,0.340184,0.3293,0.3394,0.3293,0.335942,0.3293,0.3345,0.2786,0.2794,0.278408,0.2803,0.2797,0.278404,0.2798,0.2831
67,0.282232,0.283816,0.2835,0.2893,0.2836,0.286116,0.285016,0.2823,0.329564,0.303832,0.307432,0.305564,0.304532,0.329564,0.303832,0.327232,0.303832,0.318464,0.303832,0.3133,0.3434,0.3329,0.3353,0.333968,0.333,0.343368,0.3329,0.34274,0.3329,0.337868,0.3329,0.336768,0.280516,0.2805,0.2809,0.2819,0.2823,0.2804,0.281916,0.2847
68,0.2845,0.284628,0.285628,0.2905,0.2861559999999999,0.288828,0.2863,0.2844279999999999,0.334462,0.305581,0.310162,0.3083,0.306881,0.3343,0.305581,0.3318859999999999,0.305581,0.322881,0.305581,0.314662,0.3462,0.3349,0.337594,0.336294,0.3352819999999999,0.345694,0.3349,0.345,0.3349,0.340694,0.3349,0.3381819999999999,0.2835,0.2819279999999999,0.2820279999999999,0.2828,0.2842,0.2834,0.2833,0.286
69,0.2872,0.2857,0.28884,0.2924,0.2908,0.293,0.2876,0.2873,0.3383,0.30796,0.31353,0.31093,0.3103,0.33766,0.30796,0.33653,0.30796,0.32649,0.30796,0.31836,0.34922,0.33754,0.33962,0.3382599999999999,0.3377199999999999,0.3484599999999999,0.33754,0.34814,0.33754,0.3434199999999999,0.33754,0.34102,0.2859399999999999,0.28374,0.2833,0.284,0.2861799999999999,0.28584,0.285,0.2878
70,0.291004,0.287052,0.2916,0.2947,0.293552,0.2961,0.2899,0.289852,0.342579,0.3106,0.315337,0.313679,0.313058,0.342458,0.3106,0.339479,0.3106,0.330379,0.3106,0.322258,0.3528919999999999,0.34,0.341892,0.3407919999999999,0.3404459999999999,0.3522,0.34,0.351946,0.34,0.3462919999999999,0.34,0.3439,0.287652,0.285552,0.284804,0.2853,0.2885,0.2881,0.286804,0.2893
71,0.2942639999999999,0.288664,0.2944639999999999,0.297728,0.2975279999999999,0.2989639999999999,0.2914,0.292456,0.347128,0.3131279999999999,0.318384,0.3176,0.3151,0.3468,0.3131279999999999,0.343856,0.3131279999999999,0.335712,0.3131279999999999,0.326628,0.357172,0.342472,0.344,0.343544,0.343244,0.3568,0.342472,0.355264,0.342472,0.349816,0.342472,0.347444,0.2904639999999999,0.2872,0.286,0.2868279999999999,0.2904639999999999,0.2907639999999999,0.2887,0.2903
72,0.2984759999999999,0.2911,0.2969,0.2994759999999999,0.3019,0.301676,0.2934759999999999,0.2954519999999999,0.351477,0.3151,0.3221,0.320231,0.3183,0.34997,0.3151,0.348,0.3151,0.3389,0.3151,0.330054,0.362598,0.345094,0.3474959999999999,0.346194,0.346096,0.361798,0.345094,0.359098,0.345094,0.3533,0.345094,0.3505,0.293276,0.2889759999999999,0.2868,0.2883759999999999,0.2932,0.2929519999999999,0.2904759999999999,0.291576
73,0.301888,0.2935,0.301476,0.3028,0.305976,0.303176,0.2953,0.297188,0.3571519999999999,0.319026,0.326778,0.323526,0.321926,0.3565259999999999,0.319026,0.354026,0.319026,0.343852,0.319026,0.333778,0.3667,0.347924,0.3508,0.349424,0.348224,0.366048,0.347924,0.363924,0.347924,0.3586,0.347924,0.353548,0.2969,0.2901,0.2878,0.2898,0.295764,0.295564,0.292388,0.2927
74,0.3069,0.2978,0.3032,0.3067,0.3089,0.3063,0.2975,0.2989,0.362,0.322475,0.330475,0.327525,0.325,0.3614,0.322475,0.3587,0.322475,0.3486,0.322475,0.33795,0.37175,0.35085,0.3537,0.3537,0.3519,0.36965,0.35085,0.3681,0.35085,0.36385,0.35085,0.35805,0.3006,0.2911,0.2888,0.2916,0.2976,0.2984,0.2949,0.2939
75,0.310812,0.303512,0.3051,0.3088,0.312512,0.3083,0.299812,0.301412,0.368024,0.3262,0.3343959999999999,0.330924,0.32762,0.366748,0.3262,0.364724,0.3262,0.356524,0.3262,0.341872,0.377308,0.3543759999999999,0.358676,0.3584,0.355176,0.374856,0.3543759999999999,0.3728,0.3543759999999999,0.3681,0.3543759999999999,0.3625759999999999,0.3041,0.2922,0.290412,0.2942,0.3005,0.3012,0.2970359999999999,0.2957
76,0.316124,0.3066640000000002,0.3069,0.311224,0.3164440000000001,0.3113,0.3032,0.3036,0.376592,0.331892,0.338273,0.335073,0.332684,0.372919,0.331892,0.371546,0.331892,0.361473,0.331892,0.346173,0.381608,0.3575,0.363404,0.362108,0.359102,0.380408,0.3575,0.378714,0.3575,0.374404,0.3575,0.366816,0.306748,0.2933,0.2919,0.2957,0.304072,0.302824,0.300924,0.296924
77,0.320736,0.313736,0.3107,0.318636,0.321108,0.3151,0.308472,0.305536,0.3844,0.336244,0.343144,0.3391,0.337322,0.383832,0.336244,0.379154,0.336244,0.366366,0.336244,0.349922,0.387628,0.361728,0.3681,0.3661799999999999,0.363956,0.3859919999999999,0.361728,0.384584,0.361728,0.38004,0.361728,0.374,0.3114080000000001,0.2948,0.2931,0.297236,0.307272,0.3054,0.303236,0.298636
78,0.325248,0.317548,0.316848,0.321796,0.32584,0.319096,0.311548,0.308596,0.390526,0.338971,0.347071,0.3428,0.342,0.389239,0.338971,0.3863,0.338971,0.3701419999999999,0.338971,0.3566,0.393408,0.3663620000000001,0.375262,0.3728,0.3701700000000001,0.393154,0.3663620000000001,0.391108,0.3663620000000001,0.3864780000000001,0.3663620000000001,0.3808700000000001,0.315,0.295948,0.294892,0.299696,0.311096,0.308596,0.304996,0.300444
79,0.3313800000000001,0.32166,0.3251600000000002,0.32836,0.3299000000000002,0.32186,0.31462,0.3139000000000004,0.39738,0.3433,0.3536,0.34822,0.34482,0.3958,0.3433,0.3938,0.3433,0.37558,0.3433,0.3595,0.39758,0.37118,0.38416,0.3788000000000001,0.37456,0.39738,0.37118,0.39588,0.37118,0.39144,0.37118,0.38758,0.31926,0.29796,0.2992200000000001,0.3054,0.3144,0.31286,0.30876,0.303
80,0.337572,0.3277,0.330872,0.333216,0.334472,0.325172,0.3198760000000002,0.319572,0.403669,0.347507,0.358869,0.353169,0.3488,0.400845,0.347507,0.398376,0.347507,0.3823,0.347507,0.364969,0.402406,0.3772,0.389,0.384512,0.382318,0.402406,0.3772,0.401412,0.3772,0.3974,0.3772,0.39333,0.3253160000000001,0.3002,0.304944,0.308372,0.318272,0.316572,0.311444,0.306372
81,0.344684,0.3333,0.3416359999999999,0.3408839999999999,0.338984,0.3306,0.3256,0.3315359999999999,0.4115719999999999,0.3514359999999999,0.3637899999999999,0.3570179999999999,0.3528079999999999,0.409736,0.3514359999999999,0.407836,0.3514359999999999,0.386036,0.3514359999999999,0.3697899999999999,0.4088,0.383528,0.394632,0.391692,0.3897279999999999,0.4090879999999999,0.383528,0.40606,0.383528,0.4026639999999999,0.383528,0.398296,0.3298679999999999,0.303184,0.3079,0.3121839999999999,0.3222,0.3193,0.3172679999999999,0.3090839999999999
82,0.351396,0.341592,0.348596,0.344292,0.342796,0.334,0.331496,0.339672,0.4174679999999999,0.3570689999999999,0.3695679999999999,0.3617339999999999,0.358467,0.416801,0.3570689999999999,0.415067,0.3570689999999999,0.392667,0.3570689999999999,0.3764679999999999,0.4157899999999999,0.391848,0.4015959999999999,0.397458,0.395,0.4157899999999999,0.391848,0.4139899999999999,0.391848,0.410358,0.391848,0.4038,0.3372,0.310096,0.315384,0.3179,0.326492,0.323192,0.323672,0.310796
83,0.3605159999999999,0.354332,0.3518159999999999,0.3514559999999999,0.349108,0.339008,0.3404159999999999,0.3448159999999999,0.425832,0.362332,0.3741,0.3669159999999999,0.3629479999999999,0.4243759999999998,0.362332,0.4209119999999999,0.362332,0.3991,0.362332,0.3838959999999999,0.422436,0.3973839999999999,0.406284,0.403504,0.4013359999999999,0.4220679999999999,0.3973839999999999,0.4199199999999999,0.3973839999999999,0.4154199999999999,0.3973839999999999,0.4109039999999999,0.3421,0.3174,0.323,0.325632,0.331708,0.3282159999999999,0.328916,0.3157
84,0.36632,0.36582,0.35584,0.3600999999999997,0.3539199999999999,0.3448599999999999,0.3469599999999999,0.3533,0.433465,0.3699799999999998,0.3841549999999999,0.3745849999999999,0.3716,0.4322149999999998,0.3699799999999998,0.427265,0.3699799999999998,0.40673,0.3699799999999998,0.3915849999999999,0.43004,0.4029,0.41451,0.4110199999999999,0.40721,0.42954,0.4029,0.42841,0.4029,0.4221199999999999,0.4029,0.41684,0.3459,0.32842,0.3295799999999999,0.3375199999999999,0.33662,0.3334199999999999,0.3335,0.3236
85,0.373,0.37,0.360128,0.368164,0.358364,0.348928,0.3550240000000001,0.3592,0.4417699999999999,0.3769699999999999,0.3910419999999999,0.3842139999999999,0.380214,0.439814,0.3769699999999999,0.4338,0.3769699999999999,0.4119979999999999,0.3769699999999999,0.397914,0.4380079999999999,0.408972,0.4219719999999999,0.417736,0.414272,0.4375799999999999,0.408972,0.436108,0.408972,0.4286359999999999,0.408972,0.4255799999999999,0.352232,0.3348,0.3409600000000001,0.346296,0.344596,0.339032,0.340532,0.3328
86,0.381888,0.372832,0.371252,0.377052,0.362744,0.356744,0.3615,0.365896,0.4512,0.3878149999999999,0.3977,0.3920889999999999,0.3916779999999999,0.448252,0.3878149999999999,0.443889,0.3878149999999999,0.4198889999999999,0.3878149999999999,0.407726,0.4470439999999999,0.4150859999999999,0.428824,0.4247339999999999,0.4209719999999999,0.4462239999999999,0.4150859999999999,0.443224,0.4150859999999999,0.436,0.4150859999999999,0.432562,0.358244,0.346976,0.35292,0.3622,0.351588,0.345632,0.346844,0.340484
87,0.390924,0.376056,0.386012,0.3973799999999999,0.371156,0.3644679999999999,0.3665,0.3865,0.4595,0.396924,0.407624,0.4019480000000003,0.398712,0.4568960000000001,0.396924,0.4519640000000002,0.396924,0.427348,0.396924,0.416472,0.453716,0.423764,0.4367,0.431788,0.43034,0.453716,0.423764,0.451676,0.423764,0.444364,0.423764,0.4417,0.363856,0.362268,0.3667839999999999,0.3668679999999999,0.3598359999999999,0.355256,0.3517,0.351512
88,0.4028359999999999,0.3832039999999999,0.4126839999999998,0.4069679999999999,0.377268,0.3735,0.3761679999999999,0.3940039999999999,0.467122,0.404622,0.4152320000000001,0.410366,0.409661,0.4650980000000002,0.404622,0.4619100000000001,0.404622,0.4353,0.404622,0.422683,0.4636139999999999,0.4331559999999999,0.446142,0.4431279999999999,0.4391919999999996,0.4636,0.4331559999999999,0.462414,0.4331559999999999,0.45247,0.4331559999999999,0.4497559999999999,0.3714679999999999,0.3709,0.3802,0.3723359999999999,0.3671,0.3633759999999998,0.3552,0.3578039999999999
89,0.4152200000000001,0.3996,0.42754,0.4351,0.3880200000000001,0.38066,0.38416,0.4005,0.4748,0.41445,0.42361,0.42004,0.41756,0.47381,0.41445,0.47001,0.41445,0.44314,0.41445,0.4317900000000001,0.47716,0.44286,0.45252,0.45004,0.44986,0.47622,0.44286,0.47566,0.44286,0.46262,0.44286,0.4579,0.37928,0.3779,0.38406,0.3923400000000001,0.3732,0.3735200000000001,0.3661,0.3694200000000001
90,0.425976,0.415092,0.443784,0.4396919999999999,0.39776,0.3882280000000001,0.3931000000000001,0.405,0.486659,0.421559,0.433859,0.4291540000000001,0.425977,0.4846800000000003,0.421559,0.4782620000000002,0.421559,0.455877,0.421559,0.441454,0.4884959999999999,0.4537639999999999,0.4593,0.4584299999999999,0.457632,0.4862979999999999,0.4537639999999999,0.4856919999999998,0.4537639999999999,0.4772299999999999,0.4537639999999999,0.4670279999999999,0.387192,0.389892,0.394992,0.4023,0.383552,0.388092,0.377792,0.380076
91,0.443808,0.453804,0.452808,0.446604,0.4103,0.4029519999999999,0.4226399999999999,0.4104439999999999,0.4935879999999999,0.4298799999999999,0.44354,0.436332,0.4339479999999999,0.4931319999999999,0.4298799999999999,0.4891399999999999,0.4298799999999999,0.4637479999999999,0.4298799999999999,0.451408,0.5017440000000001,0.4663720000000001,0.4741,0.4751200000000001,0.4715520000000001,0.4986919999999999,0.4663720000000001,0.498184,0.4663720000000001,0.4907120000000001,0.4663720000000001,0.482776,0.401308,0.395208,0.402708,0.4099,0.394504,0.3982159999999999,0.3853,0.3903
92,0.4615,0.465516,0.4606120000000002,0.4722640000000001,0.4234120000000002,0.421216,0.448916,0.432732,0.5070420000000001,0.438657,0.4584,0.455428,0.4491420000000001,0.5070420000000001,0.438657,0.5017990000000001,0.438657,0.475157,0.438657,0.4625,0.5156080000000002,0.477518,0.4894340000000003,0.4889440000000002,0.481436,0.5156080000000002,0.477518,0.5117540000000002,0.477518,0.5023880000000005,0.477518,0.4953720000000001,0.4161240000000004,0.405916,0.4106,0.417232,0.4078,0.407,0.396632,0.399916
93,0.4828639999999997,0.4731,0.481907999999999,0.5045559999999999,0.4451,0.447528,0.4587839999999999,0.4794439999999994,0.521524,0.454706,0.4690299999999999,0.4632479999999999,0.45913,0.521312,0.454706,0.514884,0.454706,0.4874239999999999,0.454706,0.4759239999999999,0.5345040000000001,0.490864,0.501188,0.4996,0.4928360000000001,0.5345040000000001,0.490864,0.526672,0.490864,0.5170440000000001,0.490864,0.5048,0.4371559999999999,0.411228,0.416728,0.422228,0.4212399999999998,0.4209679999999998,0.4064279999999999,0.4144399999999998
94,0.5040799999999993,0.47964,0.5025599999999998,0.5370599999999999,0.4979399999999983,0.50808,0.4836999999999998,0.4981,0.5383499999999997,0.4661299999999998,0.4862,0.476655,0.468555,0.5348649999999999,0.4661299999999998,0.5308649999999999,0.4661299999999998,0.4984799999999995,0.4661299999999998,0.4885099999999999,0.55117,0.4985699999999999,0.5160599999999999,0.50942,0.50107,0.55117,0.4985699999999999,0.5446099999999996,0.4985699999999999,0.5365299999999998,0.4985699999999999,0.51721,0.4603199999999999,0.4223599999999993,0.4256,0.4292,0.4584399999999999,0.4392199999999999,0.4239799999999999,0.4290199999999999
95,0.5673279999999999,0.532296,0.559228,0.5578919999999999,0.5709359999999999,0.592256,0.55616,0.51136,0.57146,0.477608,0.496336,0.4904,0.482612,0.564248,0.477608,0.550324,0.477608,0.517908,0.477608,0.506104,0.58328,0.512388,0.535396,0.522688,0.516984,0.581776,0.512388,0.5753280000000001,0.512388,0.551772,0.512388,0.5408,0.4811599999999999,0.437816,0.432352,0.456316,0.481064,0.452912,0.445304,0.4393559999999999
96,0.62952,0.6226399999999999,0.6141319999999998,0.6070599999999998,0.6761079999999997,0.6524679999999998,0.5817,0.6363959999999985,0.6043769999999997,0.4925949999999996,0.5153539999999995,0.5073529999999999,0.5019709999999998,0.5963299999999997,0.4925949999999996,0.579519999999999,0.4925949999999996,0.5343239999999998,0.4925949999999996,0.5232119999999999,0.6143619999999996,0.5316879999999999,0.5565819999999994,0.5409319999999999,0.5400539999999999,0.6162419999999997,0.5316879999999999,0.6065759999999999,0.5316879999999999,0.5934859999999997,0.5316879999999999,0.5701519999999997,0.5223039999999995,0.4790679999999998,0.4881199999999999,0.499,0.517092,0.4986479999999999,0.4763,0.4645439999999994
97,0.7836279999999993,0.7130959999999977,0.684987999999999,0.693476,0.7439319999999993,0.7034399999999996,0.7331039999999999,0.7199119999999997,0.682018,0.51523,0.535076,0.530308,0.5176059999999999,0.677408,0.51523,0.644118,0.51523,0.5760219999999999,0.51523,0.5478399999999999,0.694692,0.574332,0.599492,0.578804,0.572136,0.693148,0.574332,0.6823120000000001,0.574332,0.6499720000000001,0.574332,0.6257680000000001,0.5803319999999998,0.5708319999999992,0.5635759999999994,0.5526119999999997,0.545,0.5363079999999998,0.5262359999999991,0.5490839999999998
98,0.9200720000000002,0.815728,0.789728,0.751,0.8281400000000001,0.8078560000000001,0.8947440000000021,0.8460600000000003,0.7921279999999993,0.5606589999999998,0.6263019999999999,0.5779669999999996,0.5543279999999993,0.7589299999999992,0.5606589999999998,0.7476709999999995,0.5606589999999998,0.7446889999999992,0.5606589999999998,0.6895519999999987,0.8427019999999984,0.6344439999999977,0.6588499999999995,0.6356399999999987,0.6344439999999977,0.840985999999997,0.6344439999999977,0.8298159999999992,0.6344439999999977,0.7746419999999982,0.6344439999999977,0.7276979999999983,0.6611,0.6501000000000005,0.622364,0.593716,0.6095,0.6049040000000007,0.7327800000000007,0.6878520000000006
