percentiles,hv10,hv120,hv150,hv180,hv20,hv30,hv60,hv90,ivcall10,ivcall1080,ivcall120,ivcall150,ivcall180,ivcall20,ivcall270,ivcall30,ivcall360,ivcall60,ivcall720,ivcall90,ivmean10,ivmean1080,ivmean120,ivmean150,ivmean180,ivmean20,ivmean270,ivmean30,ivmean360,ivmean60,ivmean720,ivmean90,ivput10,ivput1080,ivput120,ivput150,ivput180,ivput20,ivput270,ivput30,ivput360,ivput60,ivput720,ivput90,phv10,phv120,phv150,phv180,phv20,phv30,phv60,phv90
0,0.0227,0.0383,0.0,0.0,0.0238,0.0240799999999999,0.034971,0.04055,0.072844,0.093144,0.0796439999999999,0.084384,0.0901479999999999,0.072844,0.093144,0.072844,0.093144,0.073532,0.093144,0.075696,0.097736,0.1243099999999999,0.101301,0.106439,0.117808,0.097736,0.1243099999999999,0.097736,0.1243099999999999,0.091744,0.1243099999999999,0.090206,0.110685,0.14301,0.110685,0.114165,0.13464,0.110685,0.14301,0.110685,0.14301,0.108145,0.14301,0.102115,0.0256,0.04079,0.0034199999999999,0.0,0.0257,0.026576,0.034876,0.0422
1,0.0289,0.0522,0.051716,0.048876,0.037284,0.0436,0.044104,0.0413,0.169972,0.21352,0.180852,0.203628,0.2096319999999999,0.169552,0.21352,0.16882,0.21352,0.1737480000000001,0.21352,0.177004,0.21194,0.231202,0.223702,0.225616,0.23071,0.213916,0.231202,0.215102,0.231202,0.217514,0.231202,0.2211179999999999,0.1985299999999999,0.2265,0.22375,0.22402,0.22594,0.19939,0.2265,0.20362,0.2265,0.21111,0.2265,0.22056,0.037772,0.05882,0.056736,0.052856,0.040872,0.0415119999999999,0.04592,0.04511
2,0.044816,0.1246269999999999,0.13922,0.1525,0.0548199999999999,0.052028,0.065913,0.0717,0.202752,0.228824,0.225328,0.228428,0.229452,0.205632,0.229756,0.206456,0.229364,0.2141239999999999,0.228824,0.2194,0.2248,0.2407,0.234506,0.237503,0.239606,0.225106,0.2407,0.2259,0.2407,0.227612,0.2407,0.23183,0.21369,0.2439,0.23399,0.23919,0.2427,0.21507,0.2439,0.215935,0.2439,0.2248,0.2439,0.228535,0.048995,0.0932799999999999,0.079675,0.077674,0.0599,0.0581,0.071048,0.082853
3,0.053416,0.141448,0.150828,0.157,0.077036,0.0862,0.100352,0.1231,0.215104,0.2361,0.232676,0.2349,0.2361,0.218028,0.2361,0.21928,0.2361,0.225176,0.2361,0.2295039999999999,0.229204,0.246604,0.239508,0.2423,0.2449,0.229708,0.246604,0.229708,0.246604,0.233204,0.246604,0.236704,0.22416,0.24756,0.2396,0.24256,0.24606,0.22436,0.24756,0.22468,0.24756,0.23052,0.24756,0.23582,0.07356,0.1556199999999999,0.157836,0.165812,0.102788,0.1017199999999999,0.10328,0.147408
4,0.066665,0.1496,0.1557,0.15974,0.09762,0.10518,0.123465,0.1402499999999999,0.2222,0.24078,0.2365199999999999,0.23872,0.2401,0.22432,0.2406,0.22636,0.2411,0.22936,0.24078,0.2337,0.2329,0.250005,0.243505,0.24543,0.248215,0.23311,0.250005,0.2338,0.250005,0.23691,0.250005,0.239405,0.2306,0.251075,0.2434,0.246675,0.249775,0.230825,0.251075,0.2312,0.251075,0.235,0.251075,0.239275,0.1127649999999999,0.16005,0.163245,0.1687,0.121285,0.12714,0.1374,0.15521
5,0.075158,0.154874,0.158248,0.162228,0.1031679999999999,0.118628,0.1329119999999999,0.1465,0.2275,0.2444,0.2387,0.241664,0.2428,0.2280559999999999,0.244064,0.2292,0.2444,0.233364,0.2444,0.236928,0.235406,0.251806,0.2458,0.2485,0.250706,0.235818,0.251806,0.237306,0.251806,0.2401,0.251806,0.242606,0.235,0.2537,0.2463,0.2497,0.2521899999999999,0.2351899999999999,0.2537,0.23589,0.2537,0.2396,0.2537,0.24257,0.1177,0.1624,0.1656,0.1713,0.129,0.134228,0.1447,0.159806
6,0.081504,0.1574,0.1597,0.1637,0.115996,0.126316,0.140397,0.1511,0.229808,0.246708,0.2411,0.243908,0.245224,0.2311,0.2465,0.233008,0.2466,0.236808,0.246708,0.239208,0.239807,0.2542069999999999,0.2474,0.250307,0.2529,0.240114,0.2542069999999999,0.2411,0.2542069999999999,0.243307,0.2542069999999999,0.245,0.23771,0.2559,0.2485,0.252405,0.25462,0.238405,0.2559,0.2389,0.2559,0.242805,0.2559,0.2454,0.121902,0.16401,0.1683,0.1725,0.133751,0.138816,0.1501,0.162
7,0.088288,0.159932,0.1621,0.1685,0.120936,0.130404,0.1472679999999999,0.1566,0.233,0.2488,0.2435,0.2455,0.2474,0.233952,0.2485,0.2361,0.2486,0.2396,0.2488,0.241052,0.241508,0.255608,0.2493,0.251624,0.254408,0.2422,0.255608,0.242908,0.255608,0.2455,0.255608,0.247008,0.24162,0.2585,0.2508,0.25412,0.25622,0.24174,0.2585,0.24256,0.2585,0.2453199999999999,0.2585,0.24774,0.1275,0.1682,0.1724,0.1731,0.137,0.1423,0.156152,0.165808
8,0.096137,0.163422,0.166972,0.1721,0.1244,0.1346919999999999,0.1504,0.1599,0.236092,0.2519,0.245296,0.2474,0.2496,0.2365,0.251092,0.238392,0.251492,0.2421,0.2519,0.243696,0.243309,0.2571,0.2506089999999999,0.2535,0.255318,0.2439,0.2571,0.2457,0.2571,0.248018,0.2571,0.2489,0.2443699999999999,0.25997,0.2528,0.2561,0.258135,0.2443699999999999,0.25997,0.2455,0.25997,0.248335,0.25997,0.249835,0.1312,0.17097,0.174,0.1738,0.141248,0.146792,0.159348,0.168059
9,0.10176,0.1659,0.1709,0.1747,0.1285,0.1387,0.15291,0.163,0.23814,0.25394,0.24744,0.25022,0.25244,0.23852,0.25354,0.2408799999999999,0.2536,0.24414,0.25394,0.24578,0.24641,0.2596,0.25271,0.25541,0.25692,0.2469,0.2596,0.24831,0.2596,0.25061,0.2596,0.25051,0.2465,0.26155,0.2543,0.2577,0.25995,0.2468,0.26155,0.2485,0.26155,0.25105,0.26155,0.25205,0.13439,0.1727,0.17509,0.1744,0.14559,0.15026,0.16252,0.16971
10,0.108746,0.169519,0.173788,0.177568,0.132212,0.141836,0.1557619999999999,0.1651,0.240784,0.2558,0.2501839999999999,0.252952,0.2544,0.240984,0.2551839999999999,0.2438,0.2551,0.2458,0.2558,0.2478,0.2492,0.2613,0.254611,0.257611,0.2597109999999999,0.2494,0.2613,0.250511,0.2613,0.2524,0.2613,0.2524,0.249665,0.2637649999999999,0.255965,0.2595,0.26133,0.250465,0.2637649999999999,0.25133,0.2637649999999999,0.2525949999999999,0.2637649999999999,0.253965,0.1384,0.17453,0.1761,0.1749,0.148723,0.1554,0.1662,0.171561
11,0.1140159999999999,0.1741,0.176388,0.181156,0.1349079999999999,0.144268,0.158152,0.1681,0.2438,0.2582,0.252856,0.255228,0.256456,0.2442,0.256928,0.245428,0.257028,0.2478,0.2582,0.2495,0.250612,0.263,0.2568,0.260012,0.261212,0.251212,0.263,0.252512,0.263,0.2541,0.263,0.2545,0.2520799999999999,0.2651799999999999,0.2579,0.2609,0.2635,0.25278,0.2651799999999999,0.25348,0.2651799999999999,0.25466,0.2651799999999999,0.2558,0.142,0.17626,0.1772,0.1759,0.152648,0.1597,0.169964,0.1738
12,0.1186,0.1765,0.1786,0.191088,0.1381,0.1486,0.1625,0.17165,0.2452,0.260572,0.255072,0.2571,0.2589,0.245672,0.259888,0.2473,0.260072,0.2498,0.260572,0.2519,0.252813,0.265113,0.259,0.262113,0.2634,0.253313,0.265113,0.254313,0.265113,0.255613,0.265113,0.2566,0.2543,0.266985,0.2598,0.2631,0.265395,0.2549,0.266985,0.255895,0.266985,0.256595,0.266985,0.25789,0.1447,0.17839,0.178617,0.177357,0.155527,0.1625,0.172036,0.1761
13,0.123408,0.1799,0.1821,0.194532,0.141888,0.151232,0.1658939999999999,0.1742,0.2474,0.2623,0.256716,0.2594,0.260816,0.247916,0.2617,0.249248,0.2617,0.252116,0.262316,0.2539,0.254914,0.267014,0.261314,0.2639,0.265114,0.255128,0.267014,0.2563,0.267014,0.2573,0.267014,0.2591,0.25631,0.26961,0.26192,0.26481,0.26721,0.257,0.26961,0.25731,0.26961,0.2585,0.26961,0.25921,0.147208,0.1806,0.1805,0.179746,0.158506,0.164664,0.1743,0.178214
14,0.12769,0.183535,0.19044,0.1989199999999999,0.14478,0.15522,0.169,0.17675,0.2497599999999999,0.2645,0.2587,0.2617,0.26266,0.2505,0.26386,0.25176,0.264,0.2542,0.2646,0.2555199999999999,0.256615,0.2696,0.2638,0.2654,0.2678149999999999,0.257,0.2696,0.257615,0.2696,0.259,0.2696,0.2606,0.258125,0.271725,0.2639,0.26655,0.2689249999999999,0.2589,0.271725,0.259625,0.271725,0.260025,0.271725,0.2611,0.1495,0.18275,0.1817,0.1813699999999999,0.1617,0.1677,0.17664,0.1799649999999999
15,0.131076,0.1862639999999999,0.201528,0.200708,0.148244,0.1583159999999999,0.171336,0.1819,0.2516,0.2661,0.260004,0.263004,0.264804,0.252504,0.265704,0.2534,0.2658,0.255904,0.2662,0.257204,0.258,0.2714,0.264916,0.267716,0.270116,0.2589,0.2714,0.259716,0.2714,0.260816,0.2714,0.2625,0.26034,0.27364,0.26554,0.26874,0.2715,0.26084,0.27364,0.2617,0.27364,0.2626,0.27364,0.2629,0.1524,0.1845,0.183144,0.184196,0.1647,0.170508,0.1792,0.182416
16,0.133943,0.192972,0.205036,0.206572,0.152992,0.1631,0.174507,0.1854,0.2534,0.2682,0.262,0.2649,0.2664,0.253948,0.267748,0.254748,0.2678,0.257648,0.2685,0.2589,0.2604,0.273517,0.2668169999999999,0.270234,0.2725,0.261017,0.273517,0.2614,0.273517,0.2625,0.273517,0.2643,0.261955,0.27641,0.267755,0.27131,0.274255,0.2629,0.27641,0.264055,0.276255,0.26421,0.27641,0.264455,0.155081,0.18571,0.185153,0.1865,0.167,0.173688,0.181124,0.185267
17,0.136674,0.19951,0.2065,0.2109,0.1554,0.166468,0.177378,0.189,0.2547,0.270092,0.2637,0.2666,0.268092,0.2556,0.269592,0.2563,0.2697,0.259192,0.2704,0.261092,0.261818,0.2764,0.2686,0.2718,0.274318,0.2623,0.2764,0.262718,0.2764,0.2647,0.2764,0.265818,0.2641699999999999,0.2788699999999999,0.2697,0.27347,0.27674,0.26541,0.2788699999999999,0.2665,0.2788,0.26657,0.2788699999999999,0.2676699999999999,0.157974,0.1875399999999999,0.1876,0.1902,0.169948,0.176484,0.183392,0.1867
18,0.140067,0.207,0.2089,0.2135,0.158148,0.168972,0.1793,0.1927,0.2563,0.2716,0.2652,0.268436,0.2697,0.2571,0.2712,0.258072,0.2716,0.2617,0.272,0.2622359999999999,0.2634,0.278019,0.271,0.2744,0.277019,0.263838,0.278,0.2648,0.278019,0.2665,0.278019,0.2676,0.2665,0.280685,0.2727,0.277,0.279285,0.2671,0.280685,0.267885,0.280585,0.269,0.280685,0.26944,0.160267,0.18977,0.1898,0.1937,0.1719669999999999,0.1776,0.185636,0.187869
19,0.14278,0.20948,0.2113,0.21726,0.16174,0.17178,0.18412,0.1964,0.2578,0.27348,0.26708,0.27018,0.2718,0.2587,0.2734,0.2596,0.27368,0.2632,0.2738,0.26408,0.2653,0.27994,0.2729,0.27682,0.27862,0.2658,0.27964,0.26634,0.27994,0.268,0.27994,0.2694,0.2684,0.2834,0.2743,0.2794,0.2816,0.2689,0.2834,0.2698,0.2834,0.271,0.2834,0.2713,0.1628,0.1912,0.19318,0.19598,0.17446,0.17946,0.18844,0.1897
20,0.1464,0.213609,0.2165039999999999,0.218996,0.1645879999999999,0.176236,0.1895,0.1996,0.2596,0.275272,0.268648,0.272324,0.273524,0.260224,0.275048,0.2617,0.276,0.2652,0.276024,0.2658,0.2669,0.282221,0.2748,0.2785,0.280421,0.267421,0.2821,0.267942,0.282221,0.2694,0.282221,0.2708,0.2704,0.2862,0.2771,0.28113,0.283815,0.2709,0.2860299999999999,0.2714149999999999,0.2860299999999999,0.2727,0.2862,0.2733,0.164806,0.19413,0.197778,0.198069,0.176306,0.1813,0.191012,0.1912
21,0.1495,0.2165,0.2211,0.220636,0.1685,0.17908,0.193762,0.2051,0.261668,0.277,0.270368,0.274368,0.2759,0.262168,0.276868,0.263,0.277168,0.267368,0.277468,0.2679,0.268122,0.285122,0.2763,0.2805,0.282344,0.2688439999999999,0.2839,0.2694,0.284622,0.271522,0.285122,0.2725,0.2721,0.2884299999999999,0.2791,0.2829299999999999,0.2858,0.27273,0.288,0.27313,0.28823,0.2751,0.2884299999999999,0.2759,0.166746,0.19716,0.1998,0.199258,0.178146,0.1834,0.192768,0.193222
22,0.152617,0.2187,0.221884,0.2219239999999999,0.1715,0.183548,0.197566,0.214,0.262912,0.2788,0.2724,0.2759,0.2771,0.2638,0.278812,0.2649,0.279624,0.269512,0.2795,0.269912,0.2696,0.288123,0.278723,0.282,0.2839,0.271023,0.286623,0.2714,0.286923,0.273,0.2882,0.274423,0.273845,0.291445,0.281545,0.284745,0.287345,0.2744,0.2906,0.2753,0.2907,0.277,0.2914,0.27838,0.1687,0.20117,0.202107,0.201347,0.179939,0.1852,0.194556,0.1949
23,0.1566,0.2215759999999999,0.223292,0.223,0.176116,0.187312,0.202204,0.2178,0.2647,0.2813,0.2743,0.2774,0.279124,0.265156,0.2804,0.266556,0.2817,0.2716,0.281656,0.272256,0.2716,0.291148,0.280324,0.283824,0.286424,0.2725,0.288724,0.273224,0.290424,0.2748,0.292024,0.276824,0.2754,0.29614,0.28376,0.28706,0.28916,0.27616,0.29306,0.27726,0.29412,0.2794,0.2959,0.2805,0.1711319999999999,0.20492,0.2038319999999999,0.202936,0.1821,0.187212,0.196228,0.197772
24,0.1589,0.224,0.225,0.2244,0.1803,0.1901,0.2054,0.2221,0.2663,0.2838,0.2762,0.2792,0.2807,0.2674,0.2825,0.2691,0.2836,0.2732,0.284,0.2741,0.273525,0.29405,0.2821,0.2862,0.288225,0.2745,0.29145,0.275125,0.2928,0.276925,0.294525,0.2787,0.27745,0.299375,0.2859,0.289075,0.291,0.278575,0.2957,0.2799,0.296975,0.2814,0.299175,0.282675,0.173,0.2064,0.204925,0.2053,0.1841,0.1899,0.1975,0.200925
25,0.161,0.2257,0.227608,0.226,0.182792,0.1926,0.209246,0.2247,0.2688,0.285288,0.278,0.2807,0.282444,0.269388,0.2843,0.2712,0.2852,0.2745,0.285544,0.275644,0.2752,0.296726,0.2844259999999999,0.2884,0.2905,0.276026,0.2936,0.276852,0.2948,0.2791,0.296626,0.280926,0.28059,0.30249,0.2888,0.2919899999999999,0.2940699999999999,0.2812,0.29799,0.28189,0.2992,0.2839,0.30239,0.28459,0.175918,0.2082,0.207134,0.2067,0.186,0.192288,0.1986,0.2032
26,0.1634219999999999,0.2286,0.229016,0.2291,0.1859,0.1951,0.2121,0.22675,0.2708,0.2868,0.2796,0.2822,0.2839879999999999,0.2721,0.285888,0.2733879999999999,0.2867,0.2763,0.287076,0.2775,0.277154,0.298827,0.2864,0.290454,0.292754,0.2781,0.2959,0.2786,0.2964,0.280927,0.298627,0.282727,0.282605,0.305905,0.291305,0.29491,0.297305,0.2832,0.300405,0.283715,0.3013,0.286005,0.3058,0.287105,0.178111,0.2098,0.209843,0.2073,0.187722,0.195276,0.1998,0.207477
27,0.165704,0.232,0.2317,0.231164,0.189,0.199064,0.217688,0.2293,0.2731,0.2884319999999999,0.280632,0.284,0.2856,0.2738319999999999,0.287232,0.275032,0.288132,0.278032,0.288732,0.278932,0.2788,0.300928,0.288528,0.292628,0.295456,0.279528,0.2986,0.2802,0.299,0.2833,0.3009,0.285156,0.2846,0.30812,0.2938,0.297,0.29984,0.2848,0.3029,0.2857,0.30392,0.28822,0.3077,0.28992,0.1805,0.2113,0.211352,0.2082,0.189912,0.197164,0.201916,0.2099
28,0.1675,0.234141,0.233,0.2345519999999999,0.192968,0.202104,0.2200589999999999,0.2311,0.275152,0.291152,0.2827,0.2856,0.287076,0.276,0.289552,0.276976,0.290276,0.2803,0.291276,0.2802759999999999,0.280858,0.303329,0.291,0.2948,0.2981,0.281729,0.301429,0.282329,0.301829,0.285429,0.3033,0.2875,0.286835,0.3113,0.296635,0.2999,0.302435,0.287235,0.305935,0.288035,0.3072,0.2900049999999999,0.310935,0.292835,0.182697,0.2139,0.2123,0.209781,0.192297,0.199152,0.2036879999999999,0.2120159999999999
29,0.1706,0.23577,0.23394,0.23724,0.19582,0.20448,0.22279,0.2326,0.27692,0.29334,0.2843,0.2873,0.2888,0.2775,0.2918199999999999,0.27956,0.29212,0.2817,0.2935,0.2819199999999999,0.28263,0.30493,0.2935899999999999,0.2975299999999999,0.3002,0.2836,0.3038,0.2843299999999999,0.30396,0.2873,0.3050299999999999,0.2896,0.2889,0.31395,0.29915,0.30385,0.30545,0.28955,0.309,0.29005,0.31045,0.2916,0.3129,0.2952,0.1847899999999999,0.2164,0.21477,0.21107,0.1943,0.20204,0.2071,0.2144
30,0.173266,0.2372,0.237148,0.2388,0.197952,0.2075,0.225903,0.2347,0.2793,0.2947,0.2864,0.2891,0.291264,0.279692,0.2938,0.281264,0.294,0.283564,0.2948,0.284028,0.284531,0.3066,0.295531,0.3,0.3033,0.285162,0.305831,0.286362,0.306331,0.2894,0.3067,0.2929,0.2908,0.3159,0.302565,0.306565,0.308965,0.291865,0.312065,0.292365,0.312865,0.2947,0.315665,0.2976,0.1864,0.21833,0.216379,0.2132,0.1962,0.2047,0.210496,0.217462
31,0.1764,0.239856,0.239356,0.2402159999999999,0.2006,0.2101,0.229972,0.2365,0.281308,0.2966,0.288716,0.2913,0.2933,0.281808,0.295608,0.283608,0.296108,0.285708,0.297008,0.286008,0.287532,0.3091,0.2975,0.3020319999999999,0.304632,0.288032,0.3076319999999999,0.288732,0.308,0.292232,0.3091,0.295264,0.29318,0.31758,0.3043,0.30888,0.3117,0.2942,0.31468,0.2945,0.31578,0.29748,0.31718,0.3,0.189276,0.22,0.2175,0.2154,0.198976,0.208032,0.214308,0.220132
32,0.179869,0.2419569999999999,0.241764,0.242,0.203336,0.2127,0.2332,0.2384,0.283804,0.298752,0.290552,0.2937,0.295,0.2842,0.2977,0.285852,0.2982,0.2875,0.299,0.288204,0.2899,0.311466,0.3008,0.3045,0.306666,0.290233,0.310333,0.2911,0.3105,0.295,0.3114,0.297133,0.294895,0.319495,0.3066,0.310995,0.31409,0.295895,0.3164,0.2966,0.3174,0.299495,0.319195,0.302295,0.191507,0.22229,0.2188,0.217,0.202369,0.2111,0.2197,0.2226
33,0.182662,0.2444,0.2438,0.2435,0.206028,0.214892,0.235314,0.2401,0.2862,0.300796,0.292592,0.295796,0.2974,0.286596,0.2995,0.2872,0.3007,0.2892,0.301288,0.290496,0.2926,0.313502,0.3033,0.3068,0.308734,0.2926,0.3116,0.293534,0.3124,0.2975,0.313334,0.2994,0.29671,0.32121,0.30891,0.31312,0.31591,0.29771,0.31891,0.2992,0.31941,0.3022,0.3209,0.30461,0.194324,0.2239,0.2211,0.218426,0.2045,0.213784,0.222548,0.225268
34,0.185355,0.2472299999999999,0.2454599999999999,0.2448,0.20812,0.2177,0.2371849999999999,0.2425,0.2881,0.3033,0.2950399999999999,0.2975,0.29954,0.2887,0.30184,0.2892,0.30294,0.29214,0.30334,0.2921,0.2946,0.3159,0.3049,0.30877,0.31117,0.2948,0.3134,0.2953,0.3146,0.299635,0.3159,0.3014,0.299025,0.323575,0.3117,0.315125,0.31865,0.2996,0.3208249999999999,0.3013,0.321125,0.304225,0.323225,0.3071,0.196955,0.2258,0.2238,0.22,0.206955,0.2160599999999999,0.22572,0.2273
35,0.189596,0.2511,0.248388,0.248236,0.2119,0.220536,0.2396,0.2454,0.2905,0.3052,0.296684,0.299684,0.301984,0.291168,0.304184,0.291584,0.3046,0.2939,0.3055839999999999,0.294384,0.296936,0.3182,0.3069,0.3111,0.3136359999999999,0.2971,0.3152359999999999,0.2979,0.316472,0.301872,0.3182,0.3033,0.30144,0.32544,0.31388,0.31754,0.3206199999999999,0.30234,0.3231799999999999,0.30304,0.32364,0.3065,0.3251,0.3095,0.199,0.22768,0.225724,0.221504,0.2107,0.218036,0.2279,0.2288
36,0.192241,0.2539,0.251596,0.2535679999999999,0.214004,0.223256,0.242954,0.24955,0.2929279999999999,0.307328,0.298728,0.301556,0.3045279999999999,0.2935,0.306328,0.2937,0.3065279999999999,0.2959279999999999,0.3076,0.2959279999999999,0.2997,0.319837,0.3092,0.313,0.3154,0.2997,0.317237,0.300237,0.3181,0.304011,0.319937,0.305737,0.3041,0.328355,0.3155,0.319855,0.3222549999999999,0.30471,0.3251,0.30551,0.32622,0.3091,0.327855,0.3115,0.2013,0.2292099999999999,0.2268329999999999,0.227386,0.2146,0.219756,0.230764,0.231487
37,0.1951,0.2562,0.2535,0.2585,0.216688,0.225932,0.245998,0.2526,0.294772,0.309072,0.3003,0.304372,0.306772,0.2953,0.308372,0.296072,0.308772,0.297572,0.309572,0.2978,0.3027,0.321576,0.3111,0.3146,0.3168,0.302014,0.3187379999999999,0.302838,0.319638,0.306538,0.321638,0.3079,0.3063,0.33077,0.3168,0.32127,0.32471,0.30747,0.32787,0.30857,0.32884,0.31141,0.3306,0.314,0.2034339999999999,0.23064,0.229042,0.2303,0.2168679999999999,0.2211,0.232972,0.232938
38,0.1981,0.257831,0.258112,0.2611639999999999,0.218788,0.2297639999999999,0.2487,0.25565,0.2971,0.3112,0.303916,0.306416,0.309016,0.2976,0.3103,0.2988,0.310616,0.299516,0.3118,0.3001,0.304839,0.323139,0.312639,0.3159,0.3182,0.3044,0.320339,0.305139,0.321239,0.3089,0.3231,0.309678,0.309,0.3345,0.319,0.324,0.3275,0.309585,0.330685,0.3106,0.332655,0.313985,0.33397,0.316285,0.2055,0.23244,0.2315019999999999,0.232771,0.219,0.2242,0.235308,0.2349
39,0.20052,0.2609,0.26252,0.26386,0.22156,0.2325,0.25134,0.2594,0.3,0.3128,0.3061,0.30862,0.3105,0.3,0.3121,0.3005,0.31246,0.30166,0.31312,0.30206,0.30734,0.3254,0.31424,0.31714,0.3194,0.307,0.32198,0.30774,0.3229,0.31094,0.32528,0.3118,0.3113,0.3377,0.3216,0.3262,0.33,0.3124,0.3335,0.3131,0.3351,0.3163,0.3368,0.3183,0.20762,0.2357,0.23372,0.2342,0.22182,0.2264,0.238,0.2369
40,0.202613,0.2631,0.267928,0.272308,0.225272,0.236,0.253911,0.26185,0.302308,0.314404,0.3076,0.3108,0.312708,0.3027,0.314108,0.303,0.314404,0.303804,0.315204,0.3048,0.3092,0.3278,0.3157,0.3186,0.3208,0.3090409999999999,0.323441,0.3095409999999999,0.324441,0.3123,0.3278,0.3132,0.3139,0.3412449999999999,0.3244,0.3287,0.3333299999999999,0.3146299999999999,0.3362,0.3157149999999999,0.3387,0.3184,0.341545,0.3203149999999999,0.2099259999999999,0.23756,0.2362689999999999,0.2357,0.2245,0.2288,0.241204,0.2401
41,0.205706,0.2667,0.271136,0.275896,0.2285,0.238692,0.2560639999999999,0.2642,0.304248,0.3168,0.309748,0.312948,0.3151,0.3043,0.3167,0.304548,0.3166,0.305648,0.317448,0.307096,0.3109,0.3302,0.317426,0.3206,0.322242,0.3109,0.325442,0.3115,0.327142,0.3142419999999999,0.329984,0.315142,0.31603,0.3458299999999999,0.3268,0.33219,0.3361,0.3166299999999999,0.34,0.3186,0.34196,0.3202299999999999,0.3458299999999999,0.3231,0.2131,0.23986,0.2395,0.2375,0.226906,0.230792,0.243624,0.2424
42,0.209097,0.2684,0.2726,0.2790519999999999,0.2317,0.2427,0.258306,0.2664,0.306192,0.318592,0.3118,0.3152,0.3172,0.306392,0.3186,0.306392,0.3186,0.3079,0.319,0.3095,0.3128,0.3324,0.3198,0.322543,0.324443,0.312843,0.327643,0.313143,0.329843,0.316,0.3325,0.3169,0.318045,0.348845,0.3298,0.335235,0.33819,0.319045,0.342745,0.3206,0.3454,0.322945,0.348745,0.3255,0.2162,0.24129,0.2411,0.239454,0.229799,0.232984,0.2455,0.245893
43,0.213092,0.271176,0.2774,0.2814,0.234448,0.245272,0.2608,0.2691,0.3084,0.320636,0.3140719999999999,0.3167359999999999,0.3187,0.3085,0.3206,0.3085,0.320936,0.309336,0.320936,0.3113,0.315388,0.335144,0.3222,0.325044,0.3273,0.315688,0.329944,0.315744,0.332088,0.318144,0.3359,0.319588,0.32046,0.3513199999999999,0.33356,0.33916,0.34128,0.32106,0.3461,0.3223,0.3483,0.3255,0.3511,0.32906,0.218592,0.2429,0.2429,0.2405,0.233268,0.2362,0.247468,0.247644
44,0.2164,0.27611,0.28096,0.28442,0.23618,0.24776,0.263595,0.2716,0.3101,0.3224,0.3166799999999999,0.31934,0.3206,0.3101,0.3225,0.3100799999999999,0.3231,0.3117,0.32298,0.31398,0.317145,0.337745,0.32429,0.327045,0.32949,0.3173,0.33209,0.3176,0.33539,0.3198,0.338345,0.322,0.32275,0.3529,0.337525,0.3417,0.34405,0.3236,0.3483,0.32525,0.350575,0.3282,0.353075,0.332475,0.2204,0.2444,0.244305,0.2422,0.2362,0.23852,0.2494,0.2487
45,0.2211,0.281868,0.284068,0.290396,0.239032,0.249848,0.265966,0.2745,0.3122479999999999,0.324424,0.318948,0.321824,0.323124,0.3124,0.3248,0.3119,0.325324,0.314,0.3252,0.3161,0.319346,0.3412,0.328246,0.330746,0.331946,0.3193,0.335,0.319746,0.337946,0.3223,0.341738,0.325546,0.3253,0.35498,0.3398899999999999,0.34419,0.3468,0.32599,0.3504,0.3275,0.3523,0.33059,0.35498,0.33599,0.2226,0.2466,0.245728,0.243194,0.2378,0.241348,0.251512,0.2498
46,0.2236709999999999,0.2849629999999999,0.287352,0.2952799999999999,0.2426,0.2518,0.2692,0.2781,0.3140679999999999,0.3262679999999999,0.3212359999999999,0.3242679999999999,0.325468,0.3141,0.327468,0.3140679999999999,0.327868,0.3160039999999999,0.3276,0.3187679999999999,0.3211,0.343647,0.3315,0.333647,0.3349,0.321,0.336941,0.321947,0.3412,0.323947,0.3443,0.3283,0.327905,0.35651,0.3433049999999999,0.3465,0.3492,0.3286,0.352205,0.3303049999999999,0.354205,0.3331,0.356805,0.3384,0.2251,0.24941,0.247223,0.245083,0.2409709999999999,0.244336,0.253584,0.251397
47,0.227264,0.2869759999999999,0.290884,0.299424,0.2452,0.2548,0.271108,0.2806,0.3159,0.329312,0.323712,0.326424,0.328024,0.315912,0.329924,0.315512,0.3307239999999999,0.3179,0.330212,0.321212,0.323548,0.3457,0.334848,0.336,0.337496,0.323748,0.3404,0.324748,0.3433,0.3256,0.346248,0.330696,0.33052,0.3592,0.3462,0.3479,0.35072,0.331,0.3544,0.3332,0.35572,0.33574,0.35942,0.3413,0.2278639999999999,0.2583,0.2518,0.2491,0.2432279999999999,0.2479,0.2554,0.254044
48,0.2299,0.2893,0.293476,0.3031,0.2483,0.2598239999999999,0.273,0.2825499999999999,0.318056,0.331712,0.3262,0.3298,0.3316,0.318556,0.332056,0.317956,0.333568,0.32,0.3329,0.3239799999999999,0.326449,0.347749,0.338049,0.3399,0.341141,0.326,0.343849,0.327898,0.3453,0.328349,0.348,0.3331,0.334,0.361435,0.348635,0.3503699999999999,0.3529,0.334035,0.355935,0.335035,0.3583,0.3386,0.361335,0.343435,0.230457,0.26187,0.254641,0.258822,0.2458,0.2503,0.257328,0.256499
49,0.23245,0.292,0.2977,0.3067,0.2505,0.2642,0.2756,0.2859,0.3216,0.3351,0.3296,0.3331,0.3347,0.3215,0.3356,0.3206,0.3361,0.3222,0.3356,0.3272,0.3294,0.3495,0.3404,0.3440999999999999,0.3443,0.32945,0.34625,0.33065,0.3469,0.33005,0.34965,0.3349,0.3359,0.3632,0.3502,0.3523,0.3559,0.3365,0.35845,0.3369,0.36055,0.34135,0.36305,0.3455,0.2328,0.2647,0.26205,0.2643,0.2485,0.2528,0.2587,0.25995
50,0.236543,0.294679,0.303716,0.3106879999999999,0.253592,0.267476,0.278321,0.28755,0.323088,0.3367,0.333132,0.336188,0.337144,0.323532,0.337644,0.322944,0.338044,0.3245,0.337188,0.329644,0.3316,0.351,0.3428509999999999,0.345802,0.3473509999999999,0.332204,0.3486,0.3328,0.3493509999999999,0.3331,0.3512,0.3378,0.338,0.3651,0.35233,0.355265,0.3581,0.338765,0.36073,0.339265,0.3626,0.3442,0.3653,0.348365,0.2355,0.2683,0.2677,0.269839,0.2516,0.255588,0.2602,0.2637009999999999
51,0.2392,0.299416,0.3092,0.3132,0.2565,0.270952,0.281484,0.291,0.325588,0.338788,0.336,0.3392,0.340288,0.326276,0.339988,0.326,0.340288,0.3268,0.3395,0.3318,0.3341,0.3525,0.3446,0.3477,0.3498,0.334552,0.350952,0.3355,0.351,0.335956,0.3527,0.340252,0.34026,0.3668,0.3542,0.3574799999999999,0.3605799999999999,0.34048,0.3628,0.34158,0.3644799999999999,0.34626,0.36688,0.35018,0.239236,0.2721,0.271768,0.2723,0.253,0.258576,0.2615,0.267352
52,0.243129,0.3028,0.314348,0.316028,0.260976,0.2738,0.2844629999999999,0.29425,0.327532,0.3407,0.3393,0.3413,0.3417,0.3277,0.342264,0.327832,0.342732,0.329564,0.3412,0.3337,0.336553,0.3542,0.3474,0.3497,0.352,0.3366,0.353,0.337553,0.353153,0.338559,0.3541,0.342206,0.3427,0.368195,0.3555,0.3592,0.362395,0.342795,0.36589,0.3439,0.366695,0.3483,0.368395,0.351695,0.2424,0.2738899999999999,0.274477,0.275317,0.255258,0.261664,0.263516,0.2718
53,0.2474,0.304766,0.3173,0.317852,0.265468,0.278304,0.287934,0.297,0.3292,0.3427,0.3414,0.343776,0.343576,0.3295,0.3444,0.329652,0.344776,0.332176,0.343276,0.335676,0.338654,0.3557,0.348508,0.3516,0.3541,0.338954,0.355154,0.3403,0.3552,0.3414,0.355754,0.344554,0.3449,0.37002,0.3573,0.36161,0.36401,0.34521,0.36741,0.34631,0.36862,0.34972,0.3702,0.35332,0.2461,0.2766,0.2779,0.2767,0.257966,0.265,0.2654,0.2734
54,0.249915,0.307595,0.31954,0.31964,0.26866,0.2811,0.292905,0.2994,0.3317,0.34462,0.34292,0.3461,0.34582,0.33172,0.3465,0.33202,0.3465,0.33422,0.345,0.33816,0.3408,0.3576,0.3503,0.353655,0.3568,0.341175,0.3581,0.342755,0.3585,0.343355,0.3576,0.3467,0.3465,0.3722,0.3594,0.363225,0.366,0.346925,0.36955,0.348225,0.370825,0.3519,0.372525,0.3546,0.24916,0.27845,0.279695,0.280295,0.2606,0.2673,0.26816,0.275705
55,0.253324,0.310148,0.3219,0.322928,0.272604,0.284528,0.296776,0.3013,0.333364,0.3463,0.344864,0.347664,0.3477,0.333564,0.3485,0.3347,0.348564,0.3369,0.3465,0.3405,0.344456,0.3592,0.3522,0.356056,0.3585,0.344456,0.361256,0.3446,0.361412,0.3455,0.358956,0.3484,0.34874,0.3742,0.3610399999999999,0.36494,0.3676,0.34874,0.3711399999999999,0.3498,0.3727,0.35314,0.3742,0.3563,0.2533,0.28098,0.2821,0.285384,0.2633,0.2718,0.2714,0.277912
56,0.2566,0.312753,0.3250680000000001,0.3255,0.2763,0.288032,0.3016940000000001,0.30515,0.336208,0.3479,0.3466,0.349008,0.349908,0.336208,0.3503,0.3372,0.350708,0.338716,0.3484,0.342,0.3467,0.3609,0.353557,0.3577,0.3609,0.346557,0.362957,0.3467,0.362957,0.347557,0.361157,0.350057,0.350355,0.375655,0.363255,0.3666,0.36991,0.3504,0.3731,0.351655,0.3747,0.3555,0.3757,0.35811,0.256501,0.28351,0.286039,0.288873,0.265701,0.274716,0.2736,0.2805
57,0.259194,0.316364,0.329256,0.329504,0.2794359999999999,0.292604,0.305,0.3071,0.3382,0.3498,0.348,0.3506039999999999,0.351804,0.3382,0.352452,0.339052,0.3527,0.3408,0.349852,0.343452,0.3483,0.362658,0.3557,0.3599,0.3628,0.348474,0.365,0.3486,0.3651,0.349258,0.362958,0.351016,0.35327,0.3775699999999999,0.3649,0.3687,0.3722,0.3531,0.3748399999999999,0.3544699999999999,0.37627,0.35727,0.3777399999999999,0.35994,0.2602,0.28634,0.2881439999999999,0.291862,0.268594,0.2772,0.2762759999999999,0.2823
58,0.2621479999999999,0.3221219999999999,0.332572,0.331792,0.2833279999999999,0.2972,0.3074,0.3105,0.340396,0.3512,0.3496919999999999,0.352396,0.3535,0.340596,0.354,0.341396,0.3541,0.342796,0.351896,0.345296,0.3506,0.3652,0.357859,0.3615,0.364359,0.3505,0.366359,0.3507,0.366459,0.351559,0.3652,0.352859,0.3557,0.379285,0.366355,0.370955,0.373785,0.3557,0.3771699999999999,0.356485,0.378,0.3594,0.3791,0.3614,0.263287,0.2899699999999999,0.293917,0.293902,0.271587,0.279576,0.2798,0.284309
59,0.2668,0.32574,0.3370399999999999,0.33596,0.2870599999999999,0.30218,0.31016,0.3128,0.3425,0.3527,0.3512,0.3546,0.3555399999999999,0.3425,0.35574,0.344,0.35584,0.34534,0.3531,0.3471,0.3523,0.3665,0.3598,0.3636,0.3657,0.3524,0.3678,0.3527,0.3681,0.3537,0.3665,0.3544,0.3576,0.3807,0.3684,0.3732,0.3755,0.358,0.3789,0.359,0.3794,0.3617,0.3807,0.363,0.26678,0.2922,0.29838,0.2979799999999999,0.27398,0.2828799999999999,0.2837,0.28606
60,0.269973,0.329769,0.339988,0.3397,0.2914,0.306036,0.3122,0.3177,0.3444,0.354384,0.3527,0.3559,0.357284,0.344568,0.3569,0.3463839999999999,0.3573,0.347284,0.3548679999999999,0.3486,0.3539,0.3684219999999999,0.361861,0.3661,0.367361,0.3543,0.3695,0.3546,0.3696,0.3555,0.3683,0.356261,0.3599,0.382615,0.370315,0.37533,0.3767,0.3608,0.3807299999999999,0.3618,0.381615,0.3632,0.3824,0.3655,0.269146,0.2940299999999999,0.3005,0.300929,0.276946,0.2856,0.286392,0.2884
61,0.275096,0.332198,0.3421,0.345756,0.295104,0.310424,0.315602,0.3213,0.3467,0.356228,0.3538,0.357228,0.3585,0.347228,0.3586,0.3493,0.3586,0.349228,0.3564,0.3504279999999999,0.355362,0.3696,0.3636,0.3678,0.3685,0.355862,0.3708,0.356262,0.3713,0.3573,0.3699,0.357824,0.36213,0.3842299999999999,0.3726,0.3778,0.37923,0.36266,0.3827,0.3639,0.38383,0.36596,0.38383,0.36763,0.2729,0.29566,0.301858,0.303836,0.2797,0.2874,0.2889639999999999,0.2905
62,0.278918,0.336281,0.344708,0.352144,0.3,0.3148,0.318573,0.32515,0.350316,0.3576,0.355816,0.358672,0.3602,0.350472,0.360472,0.3524,0.3604,0.351572,0.357872,0.352672,0.358663,0.371,0.365663,0.369363,0.37,0.358963,0.373,0.3589,0.373463,0.3597,0.3709,0.3601150000000001,0.364845,0.385745,0.374245,0.379145,0.3817,0.365145,0.3847,0.366045,0.3856,0.36809,0.3855,0.37,0.275559,0.29849,0.3031,0.3057,0.2829,0.2896,0.2906,0.293613
63,0.2836559999999999,0.3432,0.3478,0.357332,0.3056,0.317364,0.3215,0.3308,0.353132,0.3588,0.358032,0.3604,0.361616,0.353132,0.361716,0.3543,0.361516,0.3545,0.359316,0.3545,0.36212,0.372728,0.367364,0.3708,0.3724,0.3618,0.375928,0.3618,0.376064,0.361628,0.372764,0.362264,0.3667,0.38702,0.3766,0.3814,0.38436,0.3674,0.38722,0.36826,0.3879,0.37026,0.38726,0.37256,0.2793,0.3017,0.304876,0.308792,0.286952,0.292664,0.2924,0.297664
64,0.2889700000000001,0.35037,0.35386,0.36302,0.31058,0.32102,0.324345,0.33755,0.3574,0.35986,0.3604,0.3629,0.3633,0.3574,0.36378,0.35746,0.36316,0.3566,0.3606,0.35636,0.364965,0.374465,0.3699,0.3727,0.3752,0.365,0.377565,0.3643,0.377665,0.364865,0.37463,0.364865,0.3691,0.3883,0.3792,0.38375,0.38635,0.369825,0.3894,0.3709,0.39045,0.372925,0.3884,0.3747,0.2827,0.3049,0.306585,0.311185,0.291,0.29522,0.2943,0.300715
65,0.293538,0.353628,0.3641,0.3673,0.3143,0.324108,0.328886,0.3414,0.360604,0.3614,0.362504,0.3646,0.364804,0.360704,0.3653080000000001,0.360108,0.3651,0.359108,0.361904,0.3586,0.368,0.3755,0.3716,0.375598,0.376666,0.368166,0.380566,0.367032,0.38043,0.367066,0.3758,0.368166,0.37317,0.3897,0.3817899999999999,0.3861,0.38859,0.37358,0.39238,0.3736899999999999,0.39248,0.37559,0.3897899999999999,0.37748,0.2849379999999999,0.30818,0.3096939999999999,0.314,0.295,0.297708,0.296352,0.3029980000000001
66,0.2979549999999999,0.360943,0.372,0.3712,0.3183560000000001,0.327296,0.333157,0.34375,0.3631,0.362848,0.364848,0.3657,0.366248,0.363,0.367596,0.3625,0.367,0.362148,0.363348,0.3609,0.3706669999999999,0.3766,0.373767,0.378167,0.379434,0.3709,0.383134,0.370701,0.383834,0.3706669999999999,0.3771,0.3711,0.3763,0.391905,0.3836,0.3897,0.391605,0.37711,0.3939,0.3768,0.394305,0.379005,0.391505,0.3801,0.2887,0.3108,0.3131,0.316778,0.298431,0.300292,0.2988,0.305517
67,0.303424,0.3680920000000003,0.3763,0.3727,0.325556,0.330284,0.336328,0.3476,0.3664,0.364192,0.366876,0.3681,0.3684,0.366384,0.3692,0.365992,0.369,0.366684,0.364792,0.364984,0.3737,0.3777,0.376768,0.38104,0.382468,0.374236,0.386668,0.3733,0.386668,0.373636,0.379,0.3736,0.38004,0.39352,0.38772,0.39334,0.3941,0.38042,0.39714,0.3794,0.39674,0.38224,0.3931,0.38344,0.2921,0.31274,0.316312,0.3198,0.3021,0.3028,0.30178,0.308768
68,0.3076,0.3722029999999999,0.378752,0.3746,0.329896,0.3342719999999999,0.3403989999999999,0.3553,0.369,0.365236,0.3693,0.3702799999999998,0.3704,0.3691359999999999,0.371936,0.3693,0.3711359999999999,0.3697719999999999,0.3662,0.3679,0.3778,0.379369,0.380607,0.385469,0.386538,0.3778,0.388869,0.3765,0.388169,0.378107,0.380569,0.377069,0.3832049999999999,0.3949,0.391235,0.397535,0.39757,0.3842,0.3997,0.3826,0.3989,0.386,0.395,0.387535,0.2967679999999998,0.31437,0.3195,0.3220409999999999,0.3054169999999999,0.3059719999999999,0.3058,0.3123
69,0.3112299999999999,0.3812,0.3820199999999999,0.37648,0.3345799999999999,0.33916,0.3454,0.3685,0.3718999999999998,0.3665799999999999,0.3726,0.3732,0.3726799999999999,0.37298,0.37498,0.3728399999999999,0.3745799999999999,0.3731799999999999,0.36818,0.37176,0.3818,0.3812699999999999,0.3857399999999999,0.3891,0.3905099999999999,0.3801699999999999,0.3916699999999999,0.3794,0.3899,0.3824,0.3818,0.3826,0.38785,0.39615,0.3972,0.4004,0.4004,0.38825,0.403,0.38665,0.4016,0.39165,0.3963,0.39285,0.3010199999999999,0.3173,0.321,0.32363,0.3092199999999999,0.30992,0.3107199999999999,0.3148399999999999
70,0.317503,0.3890769999999999,0.3852,0.3783,0.339564,0.34314,0.3503409999999999,0.3773,0.375424,0.3682,0.3757239999999999,0.3762,0.3758,0.3772239999999999,0.3771,0.3771239999999999,0.3769,0.3772239999999999,0.3693,0.376424,0.3851,0.3827,0.389413,0.3939,0.394571,0.384371,0.3942,0.383571,0.392,0.387271,0.383,0.388513,0.3925,0.3989,0.402,0.4036,0.403465,0.39222,0.405665,0.391465,0.4039,0.395225,0.3988,0.396965,0.3056029999999999,0.3196,0.3227389999999999,0.3255,0.3121029999999999,0.3123,0.314536,0.318
71,0.3227879999999999,0.397588,0.388376,0.379336,0.3444239999999999,0.346236,0.3566,0.3839,0.380868,0.3693,0.3794679999999999,0.380436,0.3794679999999999,0.3816679999999999,0.3798,0.3811719999999999,0.3789679999999999,0.3816679999999999,0.3714039999999999,0.3795679999999999,0.3891439999999999,0.3845719999999999,0.3956439999999999,0.3976,0.3974,0.3882719999999999,0.3971719999999999,0.3877439999999999,0.3941719999999999,0.3926439999999999,0.3851439999999999,0.393072,0.3962,0.401,0.4053799999999999,0.40808,0.4066,0.3952799999999999,0.4085,0.39608,0.4061,0.4026399999999999,0.4008,0.4013,0.3099,0.3223799999999999,0.325744,0.3285,0.315492,0.314836,0.3171839999999999,0.3199
72,0.3292889999999999,0.400617,0.3921,0.3806239999999999,0.3477,0.3504239999999999,0.3649,0.39065,0.3859,0.371312,0.3843359999999999,0.384,0.383036,0.3857,0.3817,0.385812,0.3806,0.3874,0.3735239999999999,0.3838599999999999,0.393173,0.387819,0.399746,0.400973,0.4007,0.391873,0.4001,0.3919,0.396046,0.3983,0.3883,0.397073,0.3993,0.403,0.4100899999999999,0.4105,0.410695,0.3993949999999999,0.4111,0.3994899999999999,0.40839,0.4062799999999999,0.4026949999999999,0.4080699999999999,0.3146,0.32887,0.328,0.333,0.318478,0.3178,0.3208,0.3224
73,0.337982,0.403246,0.395576,0.382212,0.3535,0.355612,0.372254,0.3988,0.390112,0.3739,0.389,0.387756,0.3870679999999999,0.389768,0.3838,0.389712,0.3822,0.393068,0.375756,0.389156,0.397574,0.3899,0.4024,0.4039,0.404174,0.3971739999999999,0.4025,0.396474,0.3982739999999999,0.402574,0.3902739999999999,0.401574,0.4044,0.40581,0.41522,0.41591,0.4148199999999999,0.4046,0.41521,0.40431,0.41191,0.40971,0.40561,0.4135199999999999,0.319646,0.3317,0.3312659999999999,0.3353,0.323282,0.3214,0.3241,0.3265479999999999
74,0.343775,0.40605,0.399,0.3854,0.3591,0.3603,0.377075,0.4024999999999999,0.3944,0.3764,0.3918,0.391,0.3903,0.3944,0.3872,0.3934,0.3841,0.3984,0.3779,0.3931,0.4016,0.3916,0.4072,0.407175,0.4077,0.40145,0.404875,0.3999,0.399975,0.406625,0.3921,0.405725,0.408725,0.407925,0.419525,0.4206249999999999,0.4197,0.408925,0.41835,0.40845,0.4147,0.415525,0.408,0.4191499999999999,0.32325,0.3354,0.3376,0.337675,0.327375,0.3246,0.327,0.330125
75,0.3478039999999999,0.411312,0.4001,0.390164,0.3652,0.365688,0.380992,0.4111,0.3986,0.379344,0.395988,0.3948,0.3946,0.398788,0.3902,0.398444,0.3861,0.403032,0.3801,0.397844,0.4069,0.393828,0.4102,0.411,0.4104,0.406676,0.406976,0.4038,0.4023,0.4107,0.394276,0.411076,0.41214,0.41142,0.4239,0.42518,0.42538,0.41416,0.42284,0.41314,0.41932,0.42306,0.41118,0.42418,0.3275,0.33876,0.3405,0.339128,0.3317,0.329376,0.331244,0.3321
76,0.353305,0.4173,0.4018159999999999,0.393276,0.371984,0.372052,0.3872,0.42005,0.40364,0.3817,0.39914,0.398188,0.3972,0.404588,0.393188,0.4043879999999999,0.389376,0.4086,0.3825,0.403652,0.4102849999999999,0.3964,0.413954,0.414954,0.414177,0.409854,0.4097,0.409485,0.4048,0.415277,0.396377,0.414777,0.4194750000000001,0.415155,0.429375,0.430855,0.4299,0.420655,0.4267,0.4201,0.423155,0.429855,0.4152,0.431355,0.332883,0.3428199999999999,0.3418,0.3426,0.336761,0.332376,0.3351,0.3357
77,0.362308,0.419862,0.403248,0.3983,0.378052,0.378928,0.3932900000000001,0.4255,0.409496,0.3849920000000001,0.401464,0.401532,0.4005,0.409432,0.3969,0.410496,0.3926,0.412092,0.3856,0.407632,0.417934,0.3993,0.4187560000000001,0.4208,0.4184,0.4178020000000002,0.4136,0.413978,0.4079460000000001,0.421478,0.3993,0.420234,0.4264500000000001,0.4194800000000001,0.43601,0.4359,0.43367,0.4263900000000001,0.43157,0.4269800000000001,0.427,0.4352500000000001,0.4190800000000001,0.43751,0.339308,0.3451,0.346304,0.345984,0.342954,0.336628,0.339516,0.3396
78,0.3684,0.423191,0.406532,0.4078159999999999,0.382368,0.3859,0.399409,0.4327999999999999,0.415352,0.388376,0.406528,0.4054520000000001,0.404,0.415752,0.3991,0.4163280000000001,0.396,0.4163,0.388752,0.411876,0.4240109999999999,0.4032,0.4247579999999999,0.426053,0.424158,0.4244949999999999,0.4182,0.4207579999999999,0.4125,0.429279,0.403779,0.428179,0.434755,0.4249,0.4444399999999999,0.44127,0.4384399999999999,0.435255,0.4365,0.435225,0.431485,0.4425499999999999,0.4243699999999999,0.443885,0.3459940000000001,0.3500400000000001,0.350233,0.350131,0.3481290000000002,0.342552,0.342588,0.344029
79,0.37668,0.4280000000000001,0.41932,0.41924,0.3903,0.39168,0.41246,0.4373,0.4218,0.39232,0.4108,0.4091800000000002,0.40732,0.42502,0.4035600000000001,0.42446,0.39934,0.4218000000000002,0.39232,0.4187,0.4308,0.40804,0.4324,0.4307200000000001,0.4269,0.4304,0.42068,0.43008,0.4172,0.4368200000000001,0.40892,0.4357200000000001,0.4436,0.4314,0.4495,0.4467,0.4433,0.4436,0.4412,0.4426,0.4375,0.4515,0.4311,0.4499,0.35174,0.3537,0.35554,0.3529,0.3525,0.3457,0.34736,0.3554800000000001
80,0.3879640000000003,0.433549,0.4246,0.426356,0.397512,0.396028,0.4246,0.44195,0.4310200000000002,0.396328,0.4163,0.4149,0.4129920000000001,0.4337920000000001,0.4076560000000001,0.432964,0.4036280000000001,0.4297920000000001,0.396464,0.4246,0.436081,0.415705,0.438181,0.434762,0.431462,0.438381,0.4245,0.439724,0.423124,0.4471429999999999,0.415705,0.441662,0.45246,0.43853,0.4535,0.451715,0.44793,0.451445,0.445475,0.4496,0.4437,0.45856,0.437515,0.456215,0.3580650000000002,0.35816,0.362087,0.361436,0.3576,0.350628,0.353264,0.365
81,0.3948259999999999,0.4367,0.429768,0.4316319999999999,0.404376,0.4045959999999999,0.4379479999999993,0.4487,0.439832,0.4001159999999999,0.4235,0.420908,0.4178,0.4418479999999999,0.411408,0.441832,0.407,0.4381,0.400516,0.430508,0.4471639999999999,0.4223739999999998,0.442382,0.439382,0.4364,0.447482,0.4282,0.4510459999999999,0.4266639999999999,0.4536,0.4223739999999998,0.447,0.4623,0.4439599999999999,0.4567299999999999,0.4542299999999999,0.4521,0.4612399999999998,0.4492599999999999,0.4596599999999999,0.4482,0.4659399999999998,0.4438299999999999,0.4608299999999999,0.3668299999999999,0.3658,0.3685,0.365098,0.3613039999999999,0.3575479999999999,0.359712,0.369782
82,0.403757,0.4388,0.4361919999999999,0.4386239999999999,0.4117719999999999,0.413304,0.4641789999999999,0.45265,0.449652,0.4046,0.4289239999999999,0.4268599999999999,0.421856,0.4506,0.416104,0.450052,0.4116,0.4459039999999999,0.4046,0.436504,0.4557149999999999,0.4284,0.4482319999999999,0.443783,0.439983,0.4588639999999999,0.431766,0.463683,0.4308149999999999,0.460683,0.4284,0.452932,0.4709449999999999,0.4503149999999998,0.4622349999999999,0.4588,0.4554,0.4695899999999999,0.452945,0.4709599999999999,0.4549,0.474745,0.4503149999999998,0.4673899999999999,0.375133,0.38188,0.3737,0.3679479999999999,0.366976,0.3660279999999999,0.3679759999999999,0.3758
83,0.4123959999999999,0.4416520000000001,0.4395439999999999,0.445592,0.4180559999999999,0.420252,0.4716639999999999,0.4668,0.4566,0.4085,0.43678,0.431496,0.427192,0.456492,0.420492,0.457696,0.416792,0.45218,0.408596,0.441996,0.4665679999999999,0.4348519999999999,0.453584,0.4479679999999999,0.442284,0.4697679999999999,0.4351519999999998,0.4720519999999999,0.4347519999999999,0.468,0.4348519999999999,0.4591,0.4806399999999999,0.45896,0.4701,0.4639399999999999,0.4608399999999999,0.48228,0.45806,0.4835399999999999,0.4612599999999999,0.4823399999999999,0.45896,0.47412,0.3822239999999999,0.3968199999999999,0.3846,0.3726039999999999,0.371512,0.374876,0.372148,0.3831
84,0.4227249999999999,0.445565,0.4452799999999999,0.4525399999999999,0.4290799999999999,0.4317799999999998,0.479835,0.47255,0.46648,0.4151,0.44324,0.43774,0.43134,0.46518,0.4263,0.46414,0.4219400000000001,0.46022,0.41522,0.4487,0.4751399999999999,0.44037,0.460385,0.451185,0.4457699999999999,0.481255,0.43977,0.480985,0.439785,0.4746,0.44037,0.463485,0.49395,0.4677,0.4774,0.46915,0.465225,0.494175,0.463225,0.4952499999999999,0.46745,0.489675,0.4677,0.481425,0.3871299999999998,0.4115999999999999,0.3904100000000001,0.379865,0.3761049999999999,0.3824,0.38654,0.3963349999999998
85,0.4356959999999999,0.4522,0.449652,0.4622399999999999,0.437012,0.4402759999999999,0.485706,0.4759,0.473968,0.420836,0.450104,0.443068,0.437968,0.474368,0.431084,0.4722,0.427268,0.4693,0.421236,0.457052,0.4880740000000001,0.446572,0.464372,0.455572,0.4493,0.49,0.444358,0.489086,0.444186,0.4818,0.446572,0.473344,0.50568,0.4739899999999999,0.48278,0.47729,0.47087,0.5044799999999999,0.47089,0.5056700000000001,0.4733,0.49945,0.4739899999999999,0.49026,0.394694,0.41576,0.4015219999999999,0.3861779999999999,0.3818,0.3870679999999999,0.397552,0.422472
86,0.4501729999999999,0.461046,0.460996,0.47,0.4478279999999999,0.451456,0.494,0.48175,0.482456,0.4284520000000001,0.4563,0.450656,0.443428,0.481884,0.4377,0.481728,0.432456,0.4763,0.4284520000000001,0.4648400000000001,0.496461,0.4531349999999999,0.469761,0.4609,0.454587,0.499387,0.4507739999999999,0.4973479999999999,0.4511739999999999,0.492361,0.4531349999999999,0.482774,0.51761,0.481405,0.4909400000000001,0.4841,0.480905,0.5169050000000001,0.480005,0.51702,0.48041,0.5095200000000001,0.481405,0.5007300000000001,0.401091,0.42081,0.409666,0.3951429999999999,0.392582,0.396924,0.4137,0.433911
87,0.464636,0.464256,0.468,0.4741,0.455592,0.461188,0.5016,0.4848,0.491272,0.4356719999999999,0.4651879999999999,0.4570159999999999,0.4506719999999999,0.491372,0.4442,0.4915719999999999,0.4389599999999999,0.4852359999999997,0.4356719999999999,0.473172,0.5070040000000001,0.461628,0.474888,0.4658,0.461488,0.5082920000000001,0.46094,0.509428,0.4603879999999999,0.502888,0.461628,0.493552,0.5272999999999999,0.4908,0.5004399999999999,0.4911999999999999,0.4883999999999999,0.5289200000000001,0.4860399999999999,0.5290599999999999,0.4866,0.5248200000000001,0.4908,0.5105199999999999,0.40942,0.42804,0.417084,0.4016,0.3997,0.402876,0.425,0.440888
88,0.4811,0.4826099999999999,0.4841359999999999,0.476264,0.4636,0.4775880000000002,0.509638,0.48805,0.5043319999999999,0.4455959999999999,0.4739319999999999,0.4651,0.4576159999999999,0.501716,0.4502639999999999,0.5048119999999999,0.447816,0.501916,0.4455959999999999,0.4850279999999999,0.517089,0.468078,0.4845779999999999,0.472578,0.467478,0.5169229999999999,0.465589,0.52,0.4657889999999999,0.5211779999999999,0.468078,0.5032449999999999,0.538035,0.5006,0.513335,0.5043049999999999,0.4964,0.5422049999999999,0.4930049999999999,0.5437,0.4973099999999999,0.5354249999999999,0.5006,0.5254399999999999,0.4183079999999999,0.43304,0.4208,0.416142,0.412431,0.4082,0.4452,0.4462389999999999
89,0.4915800000000001,0.4921099999999998,0.49002,0.4813,0.47224,0.4889200000000002,0.5186900000000001,0.4915,0.51266,0.45496,0.4879799999999999,0.4729199999999999,0.46436,0.51164,0.45852,0.51694,0.4551199999999999,0.51398,0.45496,0.4982,0.52997,0.478,0.498,0.48906,0.47867,0.52919,0.4765400000000001,0.5309200000000001,0.47675,0.53217,0.478,0.5146300000000001,0.5512,0.50835,0.52555,0.5163,0.50985,0.5511,0.5051,0.5528500000000001,0.506,0.5513,0.50835,0.53965,0.43157,0.4356,0.42341,0.43451,0.4223300000000002,0.4206,0.45718,0.45118
90,0.502626,0.5098,0.5011840000000001,0.4866279999999999,0.4839,0.5116599999999998,0.531305,0.4999,0.5223439999999999,0.466912,0.49644,0.4871159999999999,0.4779279999999999,0.522012,0.47012,0.52402,0.467204,0.528204,0.466912,0.5095,0.5431730000000001,0.4933730000000001,0.5115280000000003,0.5012730000000001,0.4936640000000001,0.5413550000000001,0.4925370000000002,0.5472550000000002,0.4925370000000002,0.5454460000000002,0.4933730000000001,0.5263460000000002,0.5702200000000001,0.52133,0.54095,0.5300250000000001,0.523265,0.5678200000000001,0.5184850000000002,0.565665,0.516885,0.561565,0.52133,0.548355,0.442126,0.43803,0.427814,0.4429,0.4325040000000001,0.4356719999999999,0.464764,0.456241
91,0.521756,0.5145720000000001,0.5046720000000001,0.526664,0.5122480000000003,0.5361400000000001,0.5407,0.5199,0.5359440000000001,0.482092,0.510736,0.497948,0.49062,0.53408,0.487148,0.5369,0.484292,0.5394800000000001,0.482092,0.52288,0.559552,0.5044759999999999,0.5226440000000001,0.516776,0.507084,0.55776,0.5065280000000001,0.5613,0.5044759999999999,0.555392,0.5044759999999999,0.536084,0.5849600000000003,0.53388,0.5517400000000001,0.5467000000000001,0.5407600000000001,0.57806,0.53346,0.5791000000000002,0.5337400000000001,0.5834000000000001,0.53388,0.5624600000000001,0.451156,0.4419,0.4446680000000001,0.445188,0.4454799999999999,0.460772,0.4762960000000001,0.4623
92,0.5443900000000003,0.5316730000000002,0.5277080000000001,0.5418,0.5382759999999999,0.5731600000000002,0.553915,0.54165,0.55552,0.4938800000000001,0.522184,0.5183080000000001,0.509876,0.552492,0.5015360000000001,0.5551280000000001,0.497292,0.552176,0.4938800000000001,0.5321680000000001,0.5722810000000005,0.5243160000000003,0.540193,0.5333510000000002,0.5347860000000001,0.5680510000000003,0.5274510000000002,0.5713720000000001,0.5253510000000002,0.5653580000000001,0.5243160000000003,0.549479,0.6064600000000002,0.55678,0.5636,0.5635700000000001,0.5614850000000001,0.602195,0.5554550000000003,0.60379,0.5563550000000003,0.5993950000000001,0.55678,0.5827600000000002,0.4662840000000004,0.44548,0.4517110000000001,0.45167,0.462549,0.4740080000000002,0.484392,0.4654290000000001
93,0.5663679999999999,0.545078,0.5733,0.5673159999999969,0.571924,0.640872,0.584574,0.5498,0.5775439999999998,0.5083359999999999,0.5403599999999997,0.5329959999999996,0.5304439999999998,0.5745319999999997,0.5173959999999996,0.5713879999999998,0.5126599999999997,0.5669919999999993,0.5083359999999999,0.5464359999999999,0.592488,0.5367520000000001,0.560494,0.5590820000000001,0.5557759999999999,0.5831220000000001,0.543588,0.585276,0.5399,0.579982,0.5367520000000001,0.5653740000000002,0.63482,0.56751,0.5797899999999999,0.5811599999999999,0.57712,0.6238199999999998,0.57051,0.6273099999999999,0.5678399999999999,0.6212099999999999,0.56751,0.59551,0.4905459999999995,0.4523199999999999,0.458438,0.4624,0.4894699999999986,0.4916159999999999,0.4928399999999999,0.468194
94,0.5976999999999998,0.6290749999999993,0.58666,0.59138,0.6300199999999986,0.6572199999999998,0.597245,0.5864,0.6012399999999994,0.5283399999999999,0.5581999999999999,0.5517799999999998,0.5466199999999999,0.5970399999999999,0.53514,0.5932399999999998,0.53288,0.5910599999999997,0.5283399999999999,0.56416,0.6283949999999999,0.5511,0.5753849999999999,0.5686899999999999,0.565175,0.6180899999999999,0.558195,0.612014999999999,0.5555,0.6021699999999999,0.5511,0.5803,0.662525,0.5805750000000001,0.5972,0.598525,0.5908249999999999,0.6501250000000001,0.585125,0.652925,0.5816250000000001,0.6388750000000001,0.5805750000000001,0.610475,0.5229949999999999,0.46765,0.484355,0.4681649999999999,0.52237,0.51942,0.50368,0.471545
95,0.6397319999999995,0.6360039999999998,0.63444,0.597248,0.7565279999999984,0.694844,0.6205999999999993,0.6761,0.6419399999999998,0.5427479999999999,0.5811319999999996,0.5773959999999999,0.5658639999999997,0.631072,0.5548639999999997,0.6281439999999999,0.545948,0.6104079999999996,0.5427479999999999,0.5905679999999999,0.6662,0.562332,0.590384,0.5864960000000001,0.577684,0.6583720000000001,0.566792,0.6539560000000001,0.564096,0.6298,0.562332,0.59878,0.7043,0.5942200000000001,0.6206000000000003,0.6194400000000001,0.60868,0.6939800000000003,0.60204,0.6865200000000001,0.5955,0.6624,0.5942200000000001,0.6398600000000003,0.5532399999999998,0.5002999999999995,0.4934639999999999,0.486996,0.5457879999999995,0.5436920000000001,0.515424,0.4754
96,0.7483730000000001,0.6967,0.6461599999999997,0.6258640000000003,0.7957479999999999,0.758744000000001,0.6792,0.71835,0.6830479999999999,0.5611039999999999,0.6176,0.599004,0.5879399999999999,0.6861279999999996,0.5702719999999999,0.665172,0.5637719999999999,0.6625359999999999,0.5611039999999999,0.6324439999999999,0.710097,0.5748819999999999,0.617897,0.6057219999999995,0.6011909999999999,0.7067819999999999,0.5898939999999999,0.6903729999999998,0.5777849999999999,0.671552999999999,0.5748819999999999,0.6414159999999994,0.7743699999999996,0.6184849999999998,0.6620699999999996,0.643755,0.6359,0.7676699999999996,0.6244149999999992,0.7461449999999967,0.6220299999999993,0.7245549999999995,0.6184849999999998,0.6935399999999998,0.6014210000000001,0.5294399999999999,0.5393,0.5437989999999999,0.598263,0.5796560000000003,0.5308,0.5092459999999996
97,0.9591879999999988,0.729,0.6811720000000001,0.6555759999999989,0.8758519999999985,0.8044,0.852458,0.7247,0.7966479999999999,0.595812,0.664,0.6400679999999999,0.6190599999999999,0.7783359999999999,0.600724,0.7645159999999993,0.595812,0.7419559999999998,0.595812,0.7008359999999991,0.7764340000000001,0.6194980000000001,0.660366,0.64259,0.6232,0.7596620000000001,0.6198940000000001,0.7537840000000001,0.6194980000000001,0.7605420000000003,0.6194980000000001,0.708868,0.9132199999999996,0.6461699999999998,0.7063899999999997,0.6837399999999993,0.66081,0.9050199999999988,0.6515799999999994,0.8863599999999991,0.6470599999999999,0.8258999999999991,0.6461699999999998,0.744019999999999,0.6633839999999993,0.59772,0.5875100000000001,0.569622,0.6455699999999999,0.6539919999999992,0.5387839999999999,0.565372
98,1.1832750000000003,0.751613,0.7165280000000006,0.7107359999999999,1.002552,1.0903199999999995,0.8686379999999999,0.8095,0.98932,0.632284,0.7190799999999998,0.6799799999999998,0.652816,0.9842079999999994,0.634104,0.9640279999999998,0.632284,0.8572439999999999,0.632284,0.7642599999999999,1.0556359999999878,0.666997,0.7221969999999999,0.6871469999999988,0.6645989999999999,0.999799,0.6678909999999999,0.9995519999999968,0.666997,0.8889679999999993,0.666997,0.7976749999999995,1.1800499999999994,0.7096549999999993,0.7585399999999998,0.7251849999999999,0.7052349999999997,1.1410199999999993,0.7233099999999987,1.076204999999999,0.7096549999999993,0.9377249999999998,0.7096549999999993,0.8205349999999999,0.8049830000000011,0.63497,0.6050919999999997,0.594099,0.7544069999999999,0.683524,0.7081879999999988,0.6602409999999999
