percentiles,hv10,hv120,hv150,hv20,hv30,hv60,hv90,ivcall10,ivcall1080,ivcall120,ivcall150,ivcall180,ivcall20,ivcall270,ivcall30,ivcall360,ivcall60,ivcall720,ivcall90,ivmean10,ivmean1080,ivmean120,ivmean150,ivmean180,ivmean20,ivmean270,ivmean30,ivmean360,ivmean60,ivmean720,ivmean90,ivput10,ivput1080,ivput120,ivput150,ivput180,ivput20,ivput270,ivput30,ivput360,ivput60,ivput720,ivput90,phv10,phv120,phv150,phv20,phv30,phv60,phv90
0,0.039104,0.197232,0.2129,0.053914,0.055998,0.141326,0.1790419999999999,0.1589799999999999,0.2078559999999999,0.23314,0.2279199999999999,0.22612,0.17572,0.224908,0.1918919999999999,0.2301,0.2001079999999999,0.208572,0.2239639999999999,0.207286,0.221994,0.249681,0.250126,0.253226,0.210939,0.251204,0.216026,0.2490129999999999,0.234897,0.221994,0.2470709999999999,0.207671,0.20051,0.239652,0.234643,0.237044,0.215684,0.247736,0.2164839999999999,0.233407,0.239062,0.20051,0.243771,0.0525119999999999,0.1872849999999999,0.192812,0.060962,0.065498,0.156058,0.191358
1,0.072832,0.2176,0.22082,0.098412,0.12194,0.162364,0.19034,0.223308,0.243376,0.254696,0.256488,0.259908,0.229516,0.256548,0.232644,0.256432,0.248128,0.243376,0.252108,0.229468,0.244726,0.2614519999999999,0.262426,0.267142,0.231326,0.267626,0.237484,0.264584,0.250752,0.244726,0.257426,0.22892,0.222242,0.259384,0.257442,0.2609,0.2330259999999999,0.264484,0.2364099999999999,0.256662,0.2523519999999999,0.222468,0.2581,0.108764,0.202644,0.218364,0.1344199999999999,0.142196,0.176958,0.194116
2,0.0922,0.222508,0.2257,0.1336419999999999,0.1378279999999999,0.190056,0.203068,0.243532,0.2533,0.265516,0.266016,0.266048,0.245064,0.2686,0.248316,0.264148,0.257312,0.2533,0.261064,0.2419559999999999,0.2529,0.267004,0.268626,0.2728,0.246726,0.272613,0.248752,0.268213,0.259539,0.252913,0.263513,0.240517,0.237178,0.268326,0.267126,0.267852,0.243217,0.269113,0.247117,0.2652,0.259652,0.237178,0.264639,0.138938,0.227022,0.22754,0.151606,0.16064,0.191274,0.199948
3,0.1105,0.229128,0.2287,0.1452959999999999,0.16274,0.20132,0.232668,0.252816,0.259476,0.27532,0.274628,0.2748,0.255876,0.2735,0.259564,0.268988,0.2686199999999999,0.259476,0.271104,0.254336,0.258152,0.275484,0.276872,0.278084,0.256704,0.276,0.259,0.272584,0.269408,0.258152,0.272684,0.253,0.2509,0.2734,0.2735,0.273368,0.256488,0.272584,0.263188,0.268168,0.269684,0.250984,0.271584,0.157232,0.233448,0.232892,0.1743,0.176256,0.2014,0.211924
4,0.12558,0.2325,0.2294,0.15902,0.17721,0.21368,0.23927,0.26398,0.26538,0.2845,0.28188,0.2821,0.26818,0.27872,0.27404,0.2737,0.27852,0.26538,0.27972,0.26791,0.2629,0.283655,0.2819549999999999,0.28131,0.26773,0.27941,0.27262,0.275,0.282925,0.2629,0.281555,0.264095,0.255705,0.279955,0.27891,0.278665,0.26851,0.27541,0.2738549999999999,0.271265,0.280475,0.255705,0.28101,0.1780199999999999,0.23667,0.2353,0.18918,0.19386,0.215495,0.23006
5,0.1413,0.243024,0.23739,0.171212,0.1842879999999999,0.2252,0.2408,0.279664,0.271132,0.292132,0.290056,0.289264,0.279864,0.283132,0.287248,0.2779,0.290628,0.271132,0.289528,0.279078,0.2677259999999999,0.289652,0.287978,0.285408,0.280386,0.2819,0.286526,0.2778,0.294726,0.2677259999999999,0.291478,0.276964,0.261108,0.28613,0.2843259999999999,0.283526,0.280282,0.279126,0.2827599999999999,0.2741,0.292626,0.261108,0.290652,0.187112,0.24741,0.241496,0.196536,0.210448,0.235118,0.2372119999999999
6,0.151368,0.2494,0.2461,0.18007,0.197348,0.236346,0.2431,0.29192,0.276624,0.304508,0.300912,0.2964,0.293404,0.286612,0.301004,0.282116,0.308044,0.276624,0.3028,0.291297,0.274485,0.302,0.295176,0.290791,0.294297,0.2852,0.300497,0.2804,0.304188,0.274485,0.301373,0.288197,0.269367,0.296597,0.292391,0.288973,0.291685,0.282797,0.297697,0.2769,0.3031,0.269367,0.299197,0.192928,0.254459,0.250148,0.206014,0.220416,0.242783,0.24533
7,0.159,0.2558,0.2556,0.189832,0.204536,0.2575,0.245556,0.30168,0.28628,0.3124599999999999,0.308104,0.3020759999999999,0.3043079999999999,0.290356,0.3133599999999999,0.2859759999999999,0.322104,0.28628,0.3146759999999999,0.302768,0.280836,0.311072,0.304136,0.2974,0.305036,0.287804,0.31194,0.2828,0.318036,0.280836,0.31514,0.300368,0.2767,0.307672,0.3008,0.293868,0.304036,0.28604,0.309224,0.279,0.31566,0.2767,0.309116,0.198512,0.257592,0.265,0.213464,0.232984,0.2501,0.252364
8,0.163818,0.261024,0.2643299999999999,0.197518,0.211256,0.263712,0.2576,0.3081,0.294788,0.320096,0.313744,0.305296,0.314492,0.295496,0.321192,0.291096,0.333984,0.294788,0.3254,0.309278,0.2872119999999999,0.316639,0.3097729999999999,0.3022,0.314517,0.291556,0.321751,0.2870169999999999,0.331934,0.2872119999999999,0.3239559999999999,0.308039,0.284539,0.315917,0.308456,0.299878,0.313373,0.291056,0.320051,0.2843779999999999,0.327517,0.284539,0.320851,0.205536,0.2604,0.2676,0.2257,0.236873,0.256511,0.261622
9,0.1745199999999999,0.26422,0.2975,0.20324,0.22962,0.2682799999999999,0.2677,0.31506,0.30588,0.32784,0.3212,0.3132,0.32192,0.3021399999999999,0.33,0.29732,0.33952,0.30594,0.33908,0.31571,0.29365,0.32512,0.31537,0.30741,0.32051,0.2961399999999999,0.32881,0.29112,0.33931,0.29365,0.33491,0.315,0.29451,0.32213,0.31329,0.30651,0.31958,0.29451,0.3282,0.29121,0.33611,0.29451,0.33171,0.21158,0.26529,0.2692,0.23292,0.2406,0.26227,0.2645
10,0.1808439999999999,0.273532,0.299765,0.209344,0.242036,0.27659,0.2809,0.32136,0.320852,0.3403759999999999,0.329452,0.322076,0.328092,0.3114479999999999,0.335576,0.30968,0.348568,0.320852,0.35336,0.321005,0.302448,0.334929,0.324096,0.315043,0.327843,0.301681,0.3361,0.297743,0.3481,0.302367,0.347067,0.321372,0.308882,0.3326,0.326172,0.316167,0.327024,0.299062,0.334443,0.300906,0.3453099999999999,0.309543,0.342143,0.2198439999999999,0.271707,0.273928,0.2413219999999999,0.244378,0.2662,0.269828
11,0.188772,0.317524,0.31306,0.224624,0.25454,0.281836,0.2853199999999999,0.328064,0.340728,0.3818,0.378712,0.3705759999999999,0.333164,0.351616,0.340628,0.340392,0.355592,0.340728,0.366612,0.328416,0.3201079999999999,0.3638639999999999,0.3508639999999999,0.3433199999999998,0.333352,0.3210359999999999,0.341408,0.3177839999999999,0.353252,0.3247759999999999,0.363964,0.3276,0.3334599999999999,0.368268,0.3495879999999999,0.3505679999999999,0.3331,0.344336,0.339908,0.3361599999999999,0.3517,0.3334599999999999,0.3613,0.2265,0.2756,0.277,0.2475,0.257704,0.270788,0.276088
12,0.1942,0.323772,0.324795,0.236556,0.265348,0.2879,0.295541,0.3347,0.372,0.3904,0.391636,0.388,0.339008,0.383336,0.34918,0.381044,0.365172,0.372944,0.3842,0.334669,0.372669,0.387723,0.389223,0.385415,0.338515,0.381969,0.346923,0.380815,0.359438,0.373323,0.381646,0.3354459999999999,0.372745,0.38523,0.384999,0.382699,0.3395,0.381446,0.3450459999999999,0.380846,0.359769,0.374346,0.378984,0.236534,0.278662,0.279408,0.252926,0.266935,0.274127,0.280624
13,0.200156,0.330112,0.32772,0.243912,0.271004,0.2934,0.305592,0.341016,0.4047240000000003,0.397408,0.400008,0.404416,0.3486,0.4047560000000003,0.358332,0.4068000000000005,0.375608,0.4054680000000004,0.388624,0.342694,0.4116820000000014,0.395764,0.396488,0.3997560000000001,0.345788,0.4030680000000001,0.358182,0.4111140000000001,0.3722,0.4103800000000009,0.386382,0.343782,0.420380000000002,0.393628,0.395458,0.4002540000000002,0.344276,0.4037640000000003,0.354894,0.4117180000000005,0.371564,0.4193640000000019,0.385246,0.247056,0.2858,0.28244,0.258028,0.2739,0.277706,0.283412
14,0.21031,0.33424,0.335025,0.25523,0.27681,0.29687,0.3378,0.35014,0.4381799999999999,0.40498,0.40754,0.41372,0.35746,0.4204799999999999,0.36616,0.4264,0.38058,0.4381799999999999,0.3953399999999999,0.34852,0.44022,0.40253,0.40385,0.4127,0.3573599999999999,0.42133,0.3654799999999999,0.4280299999999999,0.37783,0.44022,0.394325,0.34779,0.44023,0.4008299999999999,0.402455,0.411425,0.3532249999999999,0.421765,0.363365,0.4287,0.3794099999999999,0.44023,0.39303,0.25433,0.2882,0.29124,0.2648,0.283785,0.2802,0.2857099999999999
15,0.21856,0.337052,0.34344,0.267496,0.2833,0.302948,0.345948,0.356152,0.4454,0.413308,0.415452,0.4181,0.365204,0.4258,0.379264,0.430804,0.39396,0.4454,0.403256,0.356644,0.4467359999999999,0.4129359999999999,0.414744,0.4183,0.3655359999999999,0.4260359999999999,0.37666,0.431572,0.392744,0.4467359999999999,0.402544,0.356108,0.4454,0.41198,0.414072,0.417708,0.3636,0.4250359999999999,0.373628,0.430836,0.393704,0.4454,0.400636,0.260632,0.2898,0.292256,0.2728959999999999,0.287924,0.290056,0.289356
16,0.2248,0.344012,0.385865,0.2738,0.287232,0.307,0.350669,0.3631959999999999,0.450072,0.417372,0.421024,0.422748,0.373208,0.429072,0.386548,0.435524,0.402596,0.450072,0.4085,0.3651,0.451,0.416614,0.422242,0.424321,0.373614,0.429807,0.384256,0.434414,0.403756,0.451,0.4084,0.364914,0.4516,0.416777,0.423314,0.426135,0.372935,0.429414,0.383607,0.4346069999999999,0.404121,0.4516,0.407807,0.266768,0.292529,0.299216,0.282968,0.292981,0.294543,0.2925
17,0.230336,0.350744,0.39234,0.280036,0.295384,0.314532,0.352526,0.3695,0.453996,0.423292,0.428884,0.429192,0.3816839999999999,0.433884,0.392496,0.439496,0.411596,0.453996,0.4124,0.372156,0.455746,0.425378,0.429856,0.4315779999999999,0.38189,0.434434,0.3926779999999999,0.43829,0.4128779999999999,0.455746,0.412112,0.371946,0.455212,0.42489,0.432778,0.433702,0.37969,0.4360799999999999,0.3926,0.438,0.4118779999999999,0.455212,0.413956,0.273072,0.298698,0.302264,0.2894,0.295882,0.2983,0.30302
18,0.2367,0.36764,0.39677,0.2844379999999999,0.301624,0.3318819999999999,0.355166,0.377868,0.459068,0.434568,0.439812,0.442856,0.387836,0.447336,0.397436,0.44664,0.416772,0.459068,0.417244,0.3785,0.459549,0.4337,0.443437,0.444639,0.387347,0.446894,0.398147,0.449098,0.418092,0.459549,0.4184879999999999,0.3776,0.458396,0.435941,0.441747,0.444392,0.387443,0.446849,0.398949,0.448243,0.419947,0.458396,0.421949,0.27709,0.305403,0.3048,0.294828,0.301681,0.3029,0.311102
19,0.24408,0.3946,0.4027,0.2915,0.30996,0.33668,0.35846,0.38484,0.46312,0.44412,0.45228,0.45422,0.39288,0.45438,0.40324,0.45364,0.42338,0.46304,0.42798,0.3835,0.46424,0.44142,0.45164,0.45434,0.3921,0.45438,0.40298,0.45384,0.4245,0.46424,0.42894,0.38328,0.468,0.4404,0.44988,0.45394,0.39326,0.45518,0.4049,0.45566,0.42734,0.468,0.42984,0.28084,0.3083,0.3057,0.29994,0.3045799999999999,0.30768,0.31362
20,0.24961,0.411056,0.4083,0.2978519999999999,0.317058,0.341652,0.3623,0.3893359999999999,0.46696,0.449984,0.456736,0.458824,0.398,0.460824,0.409836,0.460524,0.42996,0.467824,0.438612,0.3900639999999999,0.473582,0.4496549999999999,0.4583549999999999,0.4608819999999999,0.397791,0.461491,0.4090189999999999,0.461973,0.430391,0.473491,0.436291,0.389555,0.4751,0.4482819999999999,0.457391,0.4593819999999999,0.3987,0.4608819999999999,0.408682,0.4630189999999999,0.432373,0.4751,0.437591,0.285984,0.312277,0.3070719999999999,0.30391,0.3069,0.314631,0.315318
21,0.255144,0.415588,0.41026,0.30522,0.3215,0.34648,0.3719699999999999,0.394052,0.4712719999999999,0.4568839999999999,0.4629,0.4636,0.403284,0.466268,0.414352,0.467036,0.4362,0.4714,0.445052,0.393562,0.4766,0.4568,0.462362,0.463862,0.405062,0.46801,0.413724,0.4698859999999999,0.437458,0.4766,0.442934,0.394748,0.478262,0.455662,0.4621,0.46382,0.402786,0.467286,0.414662,0.470686,0.438224,0.478262,0.442858,0.29112,0.318728,0.3164079999999999,0.307244,0.309434,0.3186759999999999,0.321452
22,0.261368,0.420168,0.414445,0.310292,0.32797,0.353652,0.401233,0.398,0.473812,0.461368,0.466112,0.4677,0.407968,0.46948,0.417756,0.47088,0.443612,0.474456,0.452368,0.398299,0.480233,0.460733,0.4658,0.467533,0.409199,0.4713,0.4174,0.474533,0.4442,0.480233,0.451333,0.399166,0.481499,0.4605,0.465499,0.467833,0.408866,0.473298,0.419133,0.476033,0.443364,0.481766,0.452599,0.295192,0.325455,0.3281,0.31063,0.3113,0.321717,0.325934
23,0.26814,0.422264,0.416,0.315696,0.333304,0.362644,0.412236,0.4024,0.476556,0.4654839999999999,0.4689399999999999,0.4693,0.412228,0.472728,0.4215279999999999,0.4733279999999999,0.4478,0.476956,0.4581,0.402212,0.482612,0.464304,0.469404,0.471404,0.4147,0.475412,0.4218159999999999,0.4782,0.448108,0.4829,0.458308,0.402016,0.485208,0.465804,0.469504,0.471804,0.413904,0.4779,0.424404,0.4804,0.449712,0.485204,0.457808,0.2992439999999999,0.328576,0.3302839999999999,0.315,0.3165759999999999,0.325096,0.330692
24,0.2758,0.4245,0.4194,0.3192,0.33945,0.375,0.429875,0.4069,0.4786,0.4692,0.4729,0.4733,0.4164,0.4762,0.4273,0.4777,0.4543,0.4794,0.4625,0.409075,0.4849,0.470175,0.4739,0.474875,0.4184,0.4786,0.428175,0.480575,0.455325,0.48505,0.462725,0.40705,0.4872,0.470125,0.472875,0.475175,0.4176499999999999,0.48075,0.43035,0.48385,0.456325,0.487175,0.464525,0.30465,0.3364,0.3355,0.31855,0.320475,0.32855,0.3335
25,0.285004,0.427772,0.4228,0.326356,0.344496,0.3816279999999999,0.4403,0.410444,0.480972,0.472,0.47556,0.477244,0.420772,0.478772,0.429872,0.480072,0.461016,0.481272,0.465872,0.412276,0.486546,0.473346,0.476792,0.4791,0.422792,0.481876,0.432446,0.483946,0.461846,0.486646,0.467346,0.4115,0.489646,0.472846,0.477846,0.479568,0.424192,0.4837,0.436,0.486246,0.462846,0.489746,0.4678,0.308956,0.340748,0.3445319999999999,0.322504,0.32704,0.331008,0.3367
26,0.289224,0.431688,0.423905,0.334162,0.3487,0.3842,0.443878,0.413684,0.482344,0.475544,0.4784,0.4795,0.425188,0.481588,0.4353,0.483144,0.4655,0.482532,0.468932,0.4163,0.4881169999999999,0.477,0.4800169999999999,0.482017,0.426917,0.4848,0.438085,0.4864,0.4669169999999999,0.488317,0.4718,0.4150169999999999,0.492717,0.4771850000000001,0.481368,0.482717,0.429,0.486151,0.440551,0.489168,0.4669360000000001,0.4928,0.4722,0.313308,0.343799,0.346896,0.326508,0.332719,0.334866,0.340766
27,0.295056,0.4383600000000001,0.42844,0.340068,0.3519,0.3866839999999999,0.4455,0.4183,0.484216,0.479116,0.4813,0.482296,0.428716,0.484232,0.4404,0.484848,0.469216,0.484616,0.473932,0.4200879999999999,0.49,0.4802,0.483252,0.484888,0.429564,0.486488,0.442952,0.488188,0.470576,0.4904,0.4756520000000001,0.419576,0.495076,0.480788,0.484888,0.487476,0.432776,0.489364,0.445676,0.491476,0.4699,0.495276,0.475752,0.318568,0.346736,0.352632,0.331636,0.3373,0.338812,0.345824
28,0.300558,0.44732,0.435635,0.346458,0.356942,0.390886,0.447,0.421988,0.4861,0.482,0.484788,0.4863,0.4315,0.487352,0.4439,0.487188,0.471788,0.486388,0.4784,0.4241,0.491818,0.4823,0.4855589999999999,0.4871,0.4334539999999999,0.489359,0.4480949999999999,0.490377,0.4735,0.4922,0.479059,0.426359,0.496459,0.483,0.4872769999999999,0.4894179999999999,0.4372769999999999,0.491977,0.4494,0.493859,0.4738179999999999,0.496859,0.479859,0.3236639999999999,0.353446,0.359228,0.335958,0.342242,0.3423,0.3483819999999999
29,0.30666,0.4588,0.4557,0.35366,0.36666,0.39762,0.4512,0.4261,0.48812,0.48446,0.48782,0.48946,0.43552,0.49056,0.4482,0.48936,0.47524,0.48832,0.48198,0.42763,0.49343,0.48496,0.48879,0.4909,0.4391,0.49243,0.45114,0.49322,0.4764299999999999,0.4936899999999999,0.4814299999999999,0.43052,0.4983,0.48626,0.48989,0.4931,0.44153,0.4948,0.45326,0.49566,0.4765,0.49903,0.48228,0.32824,0.3585,0.3629,0.3415,0.3463,0.3474399999999999,0.35102
30,0.315448,0.4635,0.458565,0.357048,0.3726379999999999,0.4131419999999999,0.453367,0.4300319999999999,0.4900319999999999,0.4881,0.4918,0.492764,0.439264,0.492732,0.451696,0.492464,0.477832,0.4902,0.4854,0.432801,0.494901,0.4880029999999999,0.4917,0.4944,0.443,0.494702,0.454103,0.4951009999999999,0.479602,0.495602,0.485802,0.434702,0.499702,0.488602,0.492801,0.4961009999999999,0.444502,0.4966009999999999,0.457003,0.4977,0.480102,0.5003,0.485602,0.332262,0.364247,0.3676,0.344862,0.349469,0.353298,0.35458
31,0.322776,0.4653,0.46698,0.361784,0.377872,0.4215879999999999,0.455924,0.4342,0.4921,0.4919,0.4954,0.496804,0.443108,0.495112,0.457012,0.494,0.4818,0.4923,0.488304,0.437572,0.496572,0.4921,0.495372,0.498644,0.4464,0.4977,0.459372,0.49736,0.483088,0.497372,0.488544,0.439072,0.501672,0.492572,0.495944,0.4988,0.448872,0.499272,0.461144,0.499644,0.483472,0.5019,0.488772,0.335104,0.366784,0.376584,0.3509,0.354568,0.360256,0.361392
32,0.3283,0.469364,0.48108,0.367398,0.384502,0.427074,0.463824,0.438252,0.4938,0.494928,0.497552,0.498552,0.446,0.497476,0.4613759999999999,0.4965,0.484328,0.493876,0.490876,0.442686,0.498643,0.4972,0.499343,0.5016430000000001,0.449043,0.499786,0.464386,0.4994,0.487,0.498829,0.491843,0.4431,0.502843,0.496872,0.499972,0.501343,0.452286,0.500943,0.465743,0.5008,0.486886,0.503143,0.4915,0.339932,0.370821,0.382268,0.3574580000000001,0.358367,0.365314,0.369914
33,0.334668,0.4735,0.49094,0.371468,0.390696,0.433672,0.471304,0.441248,0.495796,0.49784,0.5001,0.500896,0.449148,0.499448,0.465248,0.498396,0.487548,0.495796,0.493548,0.4455700000000001,0.5,0.500028,0.502614,0.5034,0.452314,0.5019,0.467214,0.5017280000000001,0.489014,0.500714,0.494014,0.447442,0.5044139999999999,0.501614,0.5034139999999999,0.503928,0.455114,0.5024139999999999,0.469214,0.503014,0.4892,0.504614,0.494714,0.344708,0.373958,0.386876,0.362508,0.362066,0.3683,0.3731
34,0.34164,0.47722,0.493975,0.3779899999999999,0.39725,0.44143,0.4787449999999999,0.4443,0.4975,0.5012399999999999,0.5024,0.50344,0.45224,0.5008,0.4690399999999999,0.50032,0.4898,0.4975199999999999,0.4959,0.4491699999999999,0.5023,0.503385,0.505185,0.505385,0.45497,0.5037,0.4711,0.503685,0.4906,0.502685,0.498085,0.4504,0.5056,0.5045850000000001,0.5055850000000001,0.506185,0.459585,0.505655,0.4725,0.505185,0.491185,0.505885,0.4971,0.3492299999999999,0.3794399999999999,0.39186,0.36759,0.36546,0.373255,0.3761299999999999
35,0.3446,0.485396,0.4962,0.385844,0.403784,0.453464,0.484956,0.4468,0.499092,0.5043759999999999,0.5047,0.5054919999999999,0.4564,0.5025,0.4723,0.5022,0.4916,0.499392,0.4981919999999999,0.452356,0.503612,0.506956,0.508,0.5071,0.458856,0.505512,0.474456,0.505092,0.492424,0.503956,0.500212,0.4551,0.5081,0.506556,0.509,0.5084,0.463056,0.5091559999999999,0.476512,0.508956,0.4941,0.5086,0.4995,0.354116,0.3886359999999998,0.3993279999999999,0.374616,0.3711,0.376644,0.380604
36,0.351248,0.493432,0.4992,0.390744,0.411778,0.465558,0.4949,0.450392,0.5011639999999999,0.507128,0.507492,0.506664,0.4605,0.5044,0.4754,0.503528,0.4938,0.5012,0.500764,0.455281,0.505227,0.5094,0.510154,0.5097,0.464016,0.508527,0.4779,0.507327,0.4966,0.505227,0.5019,0.458381,0.5101,0.5102,0.511327,0.511527,0.467827,0.511654,0.480227,0.511754,0.497327,0.510727,0.502262,0.360048,0.3994109999999999,0.403468,0.3771,0.377363,0.381838,0.385246
37,0.354528,0.497868,0.50088,0.3943759999999999,0.419448,0.472148,0.498596,0.454736,0.502936,0.509336,0.509136,0.5079,0.464136,0.506572,0.4779359999999999,0.505308,0.496936,0.502936,0.5023,0.4587,0.5067,0.511096,0.512298,0.511096,0.467298,0.5107,0.480794,0.5102,0.499098,0.5067980000000001,0.5041,0.462192,0.511494,0.5124,0.5131,0.514096,0.4705,0.5142,0.482796,0.5148980000000001,0.500198,0.5117980000000001,0.5057900000000001,0.367128,0.40533,0.408232,0.381452,0.384034,0.38521,0.3931199999999999
38,0.3628679999999999,0.500304,0.5033,0.39969,0.423922,0.483326,0.502923,0.459424,0.504108,0.511016,0.511108,0.509808,0.468056,0.5084,0.481308,0.5068,0.498908,0.5039,0.504008,0.463276,0.508369,0.512969,0.5136,0.513438,0.4704689999999999,0.512807,0.4840689999999999,0.511969,0.501738,0.5088,0.506469,0.466338,0.513469,0.515069,0.515338,0.515776,0.473869,0.516669,0.486238,0.5166,0.502738,0.5139,0.508307,0.371156,0.4101,0.417072,0.3852779999999999,0.389822,0.391262,0.4017
39,0.36822,0.50358,0.5054,0.40328,0.43118,0.48934,0.507,0.46334,0.50526,0.5124799999999999,0.5126,0.5114,0.4717,0.5103,0.4836,0.50818,0.50078,0.5053799999999999,0.5061,0.46694,0.51108,0.51464,0.5152,0.5156,0.4742,0.5149400000000001,0.48594,0.5137400000000001,0.5042,0.51108,0.5083799999999999,0.46934,0.51502,0.5169400000000001,0.51688,0.51764,0.47654,0.5178400000000001,0.48862,0.5186,0.50598,0.51544,0.51068,0.3737,0.41376,0.4221,0.39012,0.39526,0.39672,0.4071
40,0.3738559999999999,0.507176,0.5075,0.413846,0.4358259999999999,0.4940919999999999,0.511733,0.4676079999999999,0.5063519999999999,0.513952,0.513652,0.513404,0.475552,0.5113,0.486504,0.5094,0.502952,0.5066,0.5075,0.469811,0.512122,0.516311,0.516711,0.5171,0.4784549999999999,0.5163,0.4891109999999999,0.5156109999999999,0.505744,0.5124,0.5105219999999999,0.4721329999999999,0.516911,0.5186,0.5186219999999999,0.5199,0.4808219999999999,0.520811,0.491011,0.520111,0.5087,0.517311,0.512722,0.379,0.419268,0.425768,0.393646,0.3989,0.402178,0.410778
41,0.379584,0.5088360000000001,0.5087,0.4215359999999999,0.443616,0.497776,0.5152,0.470024,0.5072,0.515424,0.515,0.515124,0.478924,0.512524,0.488924,0.5106480000000001,0.5053,0.5072,0.509572,0.4734,0.5138820000000001,0.5184639999999999,0.518164,0.519082,0.4818639999999999,0.518382,0.491882,0.5178,0.5095,0.5139,0.512846,0.4749639999999999,0.518846,0.5202,0.5209820000000001,0.521746,0.4835819999999999,0.5224,0.494446,0.522446,0.511564,0.5189,0.5145,0.384468,0.423962,0.4277,0.397568,0.4017159999999999,0.4075,0.416672
42,0.3849,0.511,0.5104,0.426686,0.451742,0.501154,0.519102,0.473288,0.508792,0.517388,0.516496,0.516496,0.482196,0.5145,0.491592,0.512,0.50898,0.509088,0.511696,0.477053,0.5158,0.5205,0.519953,0.5204529999999999,0.485353,0.5196,0.4951529999999999,0.519,0.5125529999999999,0.515853,0.5144,0.478553,0.520953,0.521459,0.523053,0.5235529999999999,0.487,0.5236,0.496753,0.523853,0.5141,0.521159,0.516253,0.389858,0.4275,0.43,0.4016,0.405114,0.413594,0.419888
43,0.391688,0.5135679999999999,0.51208,0.433476,0.458812,0.505,0.521408,0.477804,0.510668,0.519168,0.5185,0.5177,0.4841,0.5155679999999999,0.494836,0.513668,0.512036,0.510668,0.5131,0.481372,0.5173,0.522324,0.522324,0.5221,0.487772,0.521,0.497524,0.5199,0.5139480000000001,0.517548,0.5158240000000001,0.481924,0.5227240000000001,0.5249,0.5251,0.525748,0.489324,0.5256,0.500048,0.525024,0.515524,0.5227240000000001,0.5183,0.394964,0.430056,0.432104,0.4063879999999999,0.4095,0.417956,0.423556
44,0.3958699999999999,0.5199400000000001,0.5162,0.4384699999999999,0.46481,0.50912,0.524165,0.48184,0.5123,0.5210400000000001,0.52034,0.5199,0.48718,0.5174,0.4976399999999999,0.51534,0.5149400000000001,0.5123,0.5159400000000001,0.4849,0.5189900000000001,0.524295,0.524,0.523795,0.490685,0.5225,0.500275,0.521195,0.5154,0.519,0.5181,0.484995,0.524395,0.52669,0.526995,0.5280900000000001,0.4916,0.5275,0.502785,0.5262,0.5176,0.524395,0.521,0.39947,0.4323,0.43342,0.4094799999999999,0.41313,0.4233,0.42915
45,0.3993919999999999,0.5253559999999999,0.5198,0.4425,0.472008,0.5143639999999999,0.527822,0.4842,0.5139,0.522512,0.522012,0.521336,0.489412,0.5187,0.500424,0.5171,0.516812,0.5139,0.518112,0.487666,0.521166,0.526366,0.525632,0.525598,0.493466,0.524266,0.502466,0.522466,0.517798,0.521166,0.520764,0.4884,0.5257,0.528066,0.529232,0.5298660000000001,0.494666,0.5287660000000001,0.505266,0.528298,0.519866,0.5257,0.5228,0.403776,0.435804,0.435336,0.413376,0.418716,0.426136,0.433068
46,0.404894,0.527492,0.5234,0.448,0.47633,0.5199,0.532353,0.487284,0.5149,0.525052,0.524184,0.524268,0.491784,0.520884,0.502868,0.5185,0.5186,0.5149,0.520268,0.490511,0.5226,0.5278,0.528037,0.528011,0.4956739999999999,0.5261,0.505537,0.5242,0.5195,0.5226,0.522737,0.490437,0.5275,0.5296,0.5315,0.5324369999999999,0.4974,0.5311,0.5074,0.5302,0.521837,0.5276,0.5249,0.409082,0.4395,0.437108,0.417,0.4223,0.430513,0.435452
47,0.412892,0.5294,0.52894,0.4541559999999999,0.4828199999999999,0.526408,0.5375,0.490256,0.5168,0.526956,0.526856,0.527168,0.496656,0.523912,0.505856,0.5205,0.520956,0.516856,0.521856,0.493708,0.524408,0.529308,0.530324,0.530308,0.4986159999999999,0.528108,0.508908,0.526008,0.522008,0.5245,0.5244,0.493108,0.529108,0.5312319999999999,0.533316,0.533908,0.501108,0.533108,0.5105,0.5328080000000001,0.5237080000000001,0.5292,0.5268,0.4151679999999999,0.4422,0.4405,0.420396,0.4257,0.434492,0.4391
48,0.419896,0.5322,0.5352100000000001,0.461898,0.4875,0.5335219999999999,0.540186,0.492628,0.518156,0.529,0.5304,0.529184,0.500428,0.526756,0.510884,0.5233,0.5229280000000001,0.5186,0.524328,0.4963,0.5254789999999999,0.531,0.5323,0.5324789999999999,0.5010789999999999,0.5297,0.5114789999999999,0.5285,0.5243789999999999,0.5254789999999999,0.5264789999999999,0.4961,0.531958,0.5334789999999999,0.535079,0.535979,0.503879,0.535558,0.5138,0.535258,0.5262789999999999,0.531958,0.5285789999999999,0.420498,0.444513,0.444084,0.4225859999999999,0.4292,0.439126,0.4412
49,0.426,0.5349,0.5386,0.4702,0.4919,0.5402,0.54305,0.4978,0.5205,0.5317,0.5328,0.5318,0.5037,0.5287,0.514,0.5249,0.5262,0.5203,0.5264,0.4986,0.52715,0.533,0.5346,0.5343,0.5035000000000001,0.5319,0.51615,0.5306,0.52645,0.52725,0.52835,0.5006999999999999,0.5338,0.5347999999999999,0.5364,0.53745,0.5072,0.5369,0.5174,0.53695,0.5282,0.5337,0.5303,0.4239,0.4463,0.4466,0.427,0.4336,0.44155,0.4442
50,0.433508,0.5368360000000001,0.542365,0.478106,0.498998,0.5477460000000001,0.547828,0.500572,0.5233,0.5334,0.534972,0.5336719999999999,0.5074719999999999,0.530272,0.518272,0.527,0.5275,0.523516,0.5290440000000001,0.502021,0.5291,0.5351,0.536621,0.5361,0.508521,0.5344,0.519621,0.5329,0.5287,0.5291,0.530242,0.5038210000000001,0.535421,0.537421,0.539142,0.539521,0.5109,0.538442,0.5207,0.5383,0.531042,0.535521,0.532321,0.427614,0.448887,0.450616,0.4318,0.436649,0.445829,0.448758
51,0.440028,0.5397,0.5477,0.485604,0.503084,0.555824,0.550628,0.5036440000000001,0.526,0.5359440000000001,0.536732,0.535488,0.511344,0.5318,0.5209440000000001,0.5291440000000001,0.530744,0.526,0.531332,0.506452,0.531092,0.537192,0.538892,0.538392,0.513176,0.536692,0.522592,0.5349,0.531892,0.531384,0.5321680000000001,0.5074919999999999,0.537492,0.539292,0.541092,0.5409,0.51356,0.5409,0.523676,0.540192,0.5336839999999999,0.537492,0.534292,0.4314,0.451024,0.452532,0.435704,0.4395,0.448808,0.451016
52,0.4488179999999999,0.5433,0.560095,0.494706,0.512688,0.560934,0.5557,0.5085,0.5275,0.537816,0.5385,0.537816,0.5156,0.533532,0.5239800000000001,0.531532,0.5342,0.527616,0.533416,0.510026,0.533463,0.5391,0.540563,0.5394,0.516989,0.538363,0.5254,0.5374,0.5340630000000001,0.5335,0.5344,0.511563,0.540426,0.540863,0.543863,0.5429630000000001,0.5179630000000001,0.5434,0.5267,0.5431,0.535926,0.540426,0.535826,0.434706,0.452461,0.453648,0.439612,0.442547,0.452187,0.452174
53,0.456408,0.548532,0.56964,0.501548,0.520692,0.565712,0.561068,0.511776,0.530488,0.5396,0.540488,0.5397879999999999,0.518988,0.5359520000000001,0.5278,0.5334,0.536488,0.530388,0.5356879999999999,0.515368,0.5356,0.541236,0.542902,0.542634,0.5211,0.5406,0.529436,0.5391020000000001,0.5383,0.5356,0.5363,0.5157680000000001,0.5431,0.543434,0.545934,0.5463680000000001,0.521668,0.5450680000000001,0.530134,0.544834,0.5396,0.5431,0.537868,0.439824,0.454498,0.454828,0.443908,0.446092,0.455332,0.453932
54,0.46521,0.55118,0.57335,0.51043,0.52859,0.5700900000000001,0.564035,0.51702,0.53288,0.5411,0.5426,0.54172,0.5229,0.53764,0.53124,0.5362600000000001,0.5393600000000001,0.53256,0.5371600000000001,0.5202,0.537805,0.5431050000000001,0.544405,0.5455,0.52431,0.543305,0.532605,0.5411100000000001,0.540605,0.5379,0.538205,0.5207050000000001,0.545205,0.5464,0.548205,0.5487,0.5265,0.5475,0.5327200000000001,0.5471100000000001,0.541205,0.5451050000000001,0.5399100000000001,0.4434,0.45727,0.45638,0.4467,0.4485,0.458345,0.45609
55,0.472084,0.561216,0.57752,0.516124,0.5349280000000001,0.573504,0.565492,0.520232,0.5348640000000001,0.543396,0.544632,0.5449,0.526732,0.541432,0.5356,0.537632,0.5420320000000001,0.5348,0.539196,0.522776,0.5398,0.545576,0.5477600000000002,0.5480520000000001,0.5288520000000001,0.546276,0.5348520000000001,0.5437759999999999,0.543652,0.5398,0.540276,0.5243,0.548476,0.5486759999999999,0.5506,0.551452,0.5296759999999999,0.5502520000000001,0.536,0.5490520000000001,0.544552,0.548376,0.5425560000000001,0.4467,0.4589,0.458296,0.452512,0.452444,0.460824,0.458296
56,0.479114,0.5723560000000001,0.5837650000000001,0.521614,0.5414,0.579546,0.568349,0.5257280000000001,0.538004,0.5469040000000001,0.5485,0.548004,0.530308,0.5442,0.538704,0.5411,0.544604,0.537808,0.5417,0.5261,0.542,0.548547,0.550547,0.550541,0.5314,0.5484,0.538747,0.5458,0.5462,0.5420470000000001,0.542447,0.528194,0.550994,0.550488,0.553794,0.5537,0.5332,0.552647,0.5409470000000001,0.551447,0.547347,0.5511,0.545347,0.4509,0.461627,0.461,0.456514,0.456643,0.462203,0.460606
57,0.484,0.5839959999999998,0.5926,0.529516,0.548268,0.584072,0.571106,0.5293,0.5413,0.5494,0.5518519999999999,0.5515,0.5334519999999999,0.5467,0.5427759999999999,0.5435519999999999,0.5478,0.5413,0.543576,0.528736,0.544736,0.5502,0.553236,0.5537,0.534818,0.5504,0.543254,0.5484,0.549318,0.5445359999999999,0.545518,0.531736,0.5542,0.5532,0.5554,0.5569179999999999,0.536018,0.556572,0.546,0.5558719999999999,0.5512,0.5542,0.5481,0.4559479999999999,0.464646,0.4629399999999999,0.460916,0.4594519999999999,0.4648099999999999,0.4625
58,0.4908419999999996,0.589248,0.59787,0.5366,0.555482,0.588602,0.575563,0.533644,0.543896,0.5521480000000001,0.554844,0.553648,0.5371,0.5484,0.546448,0.5474,0.551544,0.543896,0.5465,0.5328,0.548489,0.5534,0.556189,0.555689,0.5388890000000001,0.552389,0.547167,0.5506669999999999,0.5519,0.548389,0.548389,0.533978,0.5574779999999999,0.5561,0.5580890000000001,0.559389,0.5382,0.559389,0.549389,0.558789,0.553889,0.5574779999999999,0.5495,0.460518,0.466683,0.4648,0.465118,0.4627,0.4665829999999999,0.4654
59,0.5001000000000001,0.59412,0.6104,0.5425800000000001,0.56404,0.5916,0.5787,0.5371,0.5472,0.55532,0.5582,0.55662,0.5407,0.55184,0.5499,0.55012,0.5539,0.54712,0.54888,0.5356599999999999,0.55148,0.5568,0.5595399999999999,0.55836,0.5422,0.5566599999999999,0.5517599999999999,0.55416,0.5556,0.55148,0.55072,0.5371,0.5615399999999999,0.55888,0.5617,0.5629,0.54316,0.56268,0.55372,0.56228,0.55716,0.5615399999999999,0.5527,0.46694,0.4685,0.466,0.46952,0.4655199999999999,0.4689799999999999,0.4673
60,0.511722,0.597896,0.617575,0.5522640000000001,0.569678,0.597,0.580877,0.540892,0.5489600000000001,0.5586,0.560284,0.559,0.546552,0.556192,0.5542,0.553984,0.556692,0.5485,0.552592,0.5398,0.5566,0.559431,0.562762,0.5625169999999999,0.546231,0.561931,0.556631,0.559231,0.559231,0.5566,0.553393,0.540917,0.5651,0.5625,0.564931,0.566624,0.546031,0.5667,0.556962,0.566031,0.559931,0.564755,0.555631,0.471744,0.4696,0.4676,0.473022,0.4696,0.472738,0.4700139999999999
61,0.519644,0.6067279999999999,0.62473,0.55762,0.5742,0.5998519999999999,0.584634,0.5450280000000001,0.553364,0.5616,0.563792,0.562828,0.5498280000000001,0.561064,0.5576,0.5582280000000001,0.560592,0.55322,0.5555,0.5428019999999999,0.560904,0.5635,0.56611,0.567304,0.5498019999999999,0.565908,0.5598,0.565102,0.5626019999999999,0.560908,0.557604,0.544902,0.569306,0.564408,0.5696,0.5710019999999999,0.550604,0.5723,0.5613,0.5723,0.564108,0.569306,0.559206,0.477724,0.4704,0.4694919999999999,0.477424,0.472738,0.4749,0.472388
62,0.526,0.614468,0.6294449999999999,0.5635600000000001,0.583744,0.604814,0.5878909999999999,0.5489,0.5551360000000001,0.564508,0.5686439999999999,0.568916,0.5531239999999998,0.564736,0.5626439999999999,0.5614239999999999,0.5656,0.5551360000000001,0.559636,0.545319,0.565419,0.566892,0.570446,0.571446,0.553019,0.571373,0.5634,0.570173,0.565919,0.565419,0.561846,0.5484,0.5754,0.569146,0.573173,0.5752,0.555411,0.576846,0.565346,0.577346,0.568219,0.575165,0.563765,0.482604,0.472031,0.470308,0.480804,0.479374,0.477954,0.4748
63,0.534812,0.619704,0.6340600000000001,0.572136,0.592244,0.6095,0.5919,0.5516,0.5596,0.570424,0.5731080000000001,0.572208,0.557356,0.568308,0.565208,0.565008,0.567908,0.559316,0.564008,0.549764,0.5682,0.570944,0.575388,0.5766640000000001,0.5575,0.5754440000000001,0.566488,0.5727080000000001,0.569788,0.5682,0.565832,0.553588,0.578844,0.574688,0.5784440000000001,0.5826,0.5590080000000001,0.582676,0.5687,0.580888,0.5714,0.579,0.5682,0.4866,0.4735,0.472,0.485,0.482736,0.4805,0.477336
64,0.5445,0.6265,0.64025,0.57642,0.6022,0.6137,0.599635,0.55606,0.56356,0.5753,0.5771,0.5779799999999999,0.56158,0.5719799999999999,0.56916,0.5689399999999999,0.5707599999999999,0.56356,0.56902,0.554015,0.57176,0.5762450000000001,0.5811,0.5823200000000001,0.5603450000000001,0.5784600000000001,0.5707,0.576815,0.573115,0.57176,0.57143,0.5571,0.582915,0.578875,0.5863750000000001,0.5877450000000001,0.562215,0.585975,0.5716450000000001,0.5857,0.573815,0.583005,0.5737,0.49036,0.47511,0.47394,0.48993,0.4854,0.484205,0.48112
65,0.5501920000000001,0.632776,0.6559,0.5829200000000002,0.6106400000000001,0.619336,0.607824,0.5609,0.5684,0.5789,0.583552,0.581168,0.5655,0.575352,0.573304,0.573,0.5752,0.5684,0.574304,0.559886,0.5777300000000001,0.5832760000000002,0.588002,0.5885,0.564586,0.5833,0.5752300000000001,0.580958,0.576958,0.5777300000000001,0.576058,0.560786,0.586944,0.5854720000000001,0.5909,0.5927,0.5660860000000001,0.591886,0.575686,0.590058,0.577416,0.586972,0.57976,0.495128,0.477584,0.477068,0.4933,0.489534,0.4886,0.486612
66,0.5559,0.639336,0.6682,0.5909700000000001,0.622796,0.622926,0.615519,0.5660959999999999,0.572996,0.58472,0.5874,0.5857,0.569524,0.5798719999999999,0.576724,0.5776,0.579,0.572996,0.5792919999999999,0.5661710000000001,0.5816140000000001,0.588771,0.5931280000000001,0.5918,0.5693,0.589357,0.579114,0.587657,0.581,0.581814,0.581957,0.5670710000000001,0.5929,0.5925270000000001,0.595828,0.5977140000000001,0.569914,0.596357,0.579657,0.595757,0.581857,0.5937990000000001,0.583385,0.499868,0.481158,0.483976,0.4990360000000001,0.4967300000000001,0.493693,0.489886
67,0.5653160000000002,0.656508,0.6747,0.598836,0.633092,0.6291160000000001,0.625076,0.571096,0.577788,0.589892,0.591896,0.590784,0.572196,0.585692,0.580492,0.583096,0.582192,0.578184,0.584184,0.570628,0.5895,0.5949840000000001,0.5958,0.5959120000000001,0.573728,0.594856,0.5819840000000001,0.5927560000000001,0.5846560000000001,0.5895,0.5864280000000001,0.570928,0.5976560000000001,0.5983,0.602128,0.6020120000000001,0.5733280000000001,0.601628,0.5838,0.601028,0.5872280000000001,0.5977120000000001,0.5884280000000001,0.5046,0.4847,0.4915879999999999,0.503644,0.501364,0.4975,0.493144
68,0.5738759999999999,0.6656839999999999,0.678635,0.6052519999999999,0.640786,0.6398,0.6319319999999999,0.575136,0.5826,0.5958399999999999,0.598268,0.5945,0.5758679999999999,0.5907399999999999,0.583268,0.587872,0.5867,0.5826,0.588768,0.5741,0.5929,0.599,0.6031919999999998,0.6020959999999999,0.5789969999999999,0.5985969999999999,0.587299,0.596599,0.5894929999999998,0.5932,0.5917969999999999,0.574799,0.601598,0.603398,0.6089959999999999,0.6103919999999998,0.578499,0.607798,0.5893849999999997,0.6056,0.5920989999999999,0.602399,0.5938969999999999,0.5109899999999999,0.491659,0.497508,0.508638,0.509131,0.5033529999999999,0.496404
69,0.5819,0.67352,0.68565,0.6152,0.6501399999999999,0.6446799999999999,0.6433799999999998,0.57836,0.5864,0.60078,0.60364,0.6034,0.58002,0.5973599999999999,0.58754,0.5946199999999999,0.5926,0.5871599999999999,0.59154,0.5776199999999999,0.5986,0.6055899999999999,0.60978,0.61071,0.5826399999999997,0.6078799999999995,0.5928499999999999,0.6054700000000001,0.59407,0.5990099999999999,0.59627,0.581,0.60677,0.60937,0.6145700000000001,0.6169399999999999,0.58421,0.6160599999999998,0.59534,0.6143099999999999,0.5964,0.60708,0.599,0.51664,0.5020499999999999,0.5098199999999994,0.5136,0.51694,0.50875,0.5017999999999999
70,0.5939679999999999,0.681592,0.69496,0.6229619999999999,0.65699,0.650176,0.650711,0.5811,0.591924,0.604748,0.607824,0.609012,0.5833,0.604812,0.5908079999999999,0.6010479999999999,0.5956,0.592212,0.5962,0.5838819999999999,0.602841,0.6119459999999999,0.614923,0.616841,0.5866819999999999,0.614541,0.5966819999999999,0.611641,0.5978049999999999,0.6029819999999999,0.6019509999999999,0.585482,0.612541,0.614641,0.6191689999999999,0.621841,0.5891,0.621941,0.5986819999999999,0.619923,0.6008819999999999,0.612641,0.602841,0.522084,0.5142,0.518644,0.5205259999999999,0.5218,0.515109,0.506718
71,0.602844,0.687684,0.7031,0.633,0.663612,0.6564319999999999,0.659304,0.5850359999999999,0.5963,0.6106,0.6132679999999999,0.615668,0.587704,0.611884,0.596284,0.606468,0.5997,0.59722,0.6022,0.5882359999999999,0.606536,0.616224,0.619736,0.6213,0.591724,0.6201359999999999,0.6003359999999999,0.616,0.606012,0.6069,0.606224,0.5921359999999999,0.617312,0.6196240000000001,0.623548,0.6264479999999999,0.5938559999999998,0.627636,0.6038,0.625312,0.6094,0.617224,0.6115120000000001,0.5278440000000001,0.5224639999999999,0.525052,0.527244,0.525028,0.522964,0.514556
72,0.610192,0.6935399999999999,0.7079949999999999,0.640738,0.667508,0.66037,0.669322,0.590356,0.6002,0.615456,0.6201279999999999,0.619568,0.593468,0.617412,0.6020679999999999,0.6126,0.606668,0.600356,0.6069359999999999,0.5938319999999999,0.6111489999999999,0.619598,0.624483,0.6253,0.597683,0.626,0.603883,0.621866,0.6124660000000001,0.6113,0.611166,0.5969,0.621366,0.624883,0.6291829999999999,0.6304829999999999,0.600649,0.632849,0.606666,0.6327,0.613749,0.6215660000000001,0.616449,0.5336,0.5308090000000001,0.538104,0.53423,0.533654,0.530734,0.52437
73,0.623448,0.7051,0.7124699999999999,0.6513840000000001,0.673608,0.664972,0.6804160000000001,0.594928,0.604928,0.6212559999999999,0.623928,0.623684,0.600628,0.622328,0.606028,0.618084,0.612228,0.6051839999999999,0.61324,0.5979,0.615554,0.6257159999999999,0.628516,0.629608,0.60287,0.6318,0.60827,0.628354,0.616654,0.615954,0.616654,0.603316,0.6266079999999999,0.6298779999999999,0.632962,0.63464,0.606708,0.6397619999999999,0.610108,0.6367,0.619908,0.627554,0.621154,0.54024,0.5466079999999999,0.548884,0.540844,0.5427339999999999,0.539746,0.541728
74,0.63495,0.7136,0.720275,0.6626,0.6793,0.6701,0.69625,0.6008,0.6115,0.6266,0.6278,0.6277,0.6054,0.6262,0.6094,0.6239,0.6178,0.6115,0.6195,0.6037,0.6206,0.63125,0.63225,0.63325,0.6078250000000001,0.6362,0.61415,0.6331249999999999,0.62245,0.621375,0.6229,0.608425,0.632325,0.6348750000000001,0.63825,0.641625,0.613225,0.64305,0.618425,0.64225,0.625575,0.63305,0.626375,0.5475,0.55525,0.5564,0.54725,0.551625,0.547525,0.55465
75,0.6510199999999999,0.7237880000000001,0.72974,0.681776,0.690736,0.6799839999999999,0.7190679999999997,0.60636,0.620932,0.631388,0.632272,0.631388,0.609344,0.631644,0.6138440000000001,0.629172,0.6237440000000001,0.620932,0.626644,0.608488,0.630088,0.635596,0.637784,0.63938,0.614576,0.6392,0.621096,0.6384879999999999,0.628,0.630196,0.629796,0.6144,0.642392,0.641392,0.645392,0.6454,0.619992,0.646396,0.6243,0.64708,0.632292,0.642784,0.631396,0.553412,0.563924,0.563416,0.554956,0.5619959999999999,0.5546439999999999,0.564216
76,0.661978,0.7341200000000001,0.7363,0.699056,0.699876,0.6895779999999999,0.7427670000000001,0.611276,0.6267400000000001,0.6358440000000001,0.636432,0.6359,0.616152,0.635088,0.619932,0.633044,0.627188,0.627564,0.6307,0.6155010000000001,0.640034,0.640101,0.643634,0.642367,0.6223350000000001,0.642134,0.625034,0.643,0.6316350000000001,0.640167,0.6353,0.6228370000000001,0.651271,0.645001,0.6485339999999999,0.648667,0.626367,0.649935,0.629734,0.6504,0.635934,0.651271,0.636468,0.560008,0.5771310000000001,0.5680159999999999,0.5631619999999999,0.570369,0.562283,0.5766640000000001
77,0.674252,0.748124,0.74231,0.709456,0.713,0.704968,0.751192,0.6183960000000001,0.632316,0.639616,0.642248,0.639548,0.621164,0.637696,0.6271080000000001,0.6368320000000001,0.6346160000000001,0.632432,0.6362,0.625838,0.6479,0.644838,0.647138,0.646376,0.6278900000000001,0.647652,0.631276,0.647714,0.6369140000000001,0.6479,0.640314,0.6278,0.657438,0.649076,0.6507,0.65259,0.6305,0.653976,0.633938,0.65549,0.640138,0.657438,0.644938,0.567068,0.590086,0.5765480000000001,0.5721919999999999,0.575766,0.576786,0.588996
78,0.6859580000000001,0.755988,0.74694,0.7208,0.724626,0.7236800000000004,0.759203,0.625052,0.6385879999999999,0.646676,0.6454,0.6435759999999999,0.631452,0.6422,0.6358520000000001,0.6405759999999999,0.6394,0.6386,0.642,0.6332900000000001,0.6512,0.6499,0.6509,0.650027,0.636409,0.650418,0.637636,0.6512,0.641518,0.6512,0.6463,0.6352180000000001,0.663536,0.6531080000000002,0.654418,0.655509,0.638609,0.6571180000000001,0.6419180000000001,0.6589090000000001,0.6455540000000001,0.663536,0.651509,0.5746060000000001,0.594792,0.5780639999999999,0.58069,0.582763,0.5838460000000001,0.5967100000000001
79,0.70516,0.7634799999999999,0.7553,0.7314000000000003,0.7356400000000001,0.7450600000000004,0.766,0.63524,0.6439600000000001,0.65068,0.6489800000000001,0.6458600000000001,0.63858,0.6471,0.6425,0.64592,0.64392,0.6439,0.64768,0.63998,0.65636,0.6541,0.6541600000000001,0.6533,0.64252,0.65438,0.64608,0.6543,0.6466400000000001,0.65636,0.65208,0.6454600000000001,0.6682600000000001,0.65924,0.6593,0.6599600000000001,0.6481000000000001,0.6628800000000001,0.6512000000000001,0.6638,0.65008,0.6682600000000001,0.65688,0.5854200000000002,0.5994800000000001,0.5815600000000001,0.58916,0.58926,0.59394,0.60274
80,0.7173400000000002,0.772564,0.7612850000000002,0.749024,0.7463360000000003,0.766472,0.7743700000000001,0.6480880000000002,0.647032,0.654796,0.6528,0.651296,0.6518240000000001,0.650428,0.6526280000000001,0.650296,0.648796,0.6472600000000001,0.6522640000000001,0.6500550000000002,0.6603080000000001,0.6605530000000001,0.6589,0.6564530000000001,0.6524570000000002,0.657251,0.6541060000000002,0.658051,0.652402,0.6603080000000001,0.6575,0.6524040000000001,0.6724040000000001,0.665902,0.6661,0.664251,0.6551020000000001,0.6677,0.6597140000000004,0.6697,0.6550020000000001,0.6724040000000001,0.6616,0.591886,0.603794,0.5916640000000001,0.5953240000000001,0.597557,0.6117980000000001,0.606194
81,0.7365039999999998,0.77872,0.77205,0.7578,0.7584239999999999,0.7791639999999999,0.783574,0.6571359999999999,0.650908,0.661108,0.6586359999999999,0.655604,0.659604,0.654104,0.6614479999999999,0.653908,0.65432,0.650908,0.658104,0.6607879999999999,0.664122,0.6664319999999999,0.6638979999999998,0.6623,0.663522,0.6626439999999999,0.6647,0.6634879999999999,0.657032,0.664122,0.6617099999999999,0.6609659999999999,0.677422,0.671144,0.6722759999999999,0.670866,0.6625439999999999,0.674022,0.6661879999999999,0.675122,0.661122,0.677422,0.6655319999999999,0.600192,0.607634,0.6038679999999998,0.6056,0.6048079999999999,0.621212,0.6123
82,0.751566,0.7877519999999999,0.7794599999999999,0.770064,0.7679419999999999,0.78767,0.788962,0.6688599999999999,0.656376,0.67,0.667476,0.664576,0.670276,0.660912,0.6697519999999999,0.660052,0.6596759999999999,0.6573559999999999,0.6642359999999999,0.669093,0.6688930000000001,0.672593,0.6741,0.6738369999999999,0.6722439999999998,0.672,0.674072,0.670393,0.663372,0.6688930000000001,0.6667579999999999,0.6734439999999998,0.682079,0.6797719999999999,0.6796789999999999,0.6796719999999999,0.6739,0.6804859999999999,0.673193,0.6805,0.665793,0.682079,0.672093,0.605666,0.6108,0.612312,0.6134559999999998,0.609717,0.6290279999999999,0.616956
83,0.7621159999999998,0.7939240000000001,0.7844,0.7862359999999999,0.788624,0.801064,0.802088,0.6786,0.6631440000000001,0.676192,0.67642,0.6759,0.6786,0.6710440000000001,0.677292,0.668748,0.667332,0.6633,0.6713480000000001,0.6791679999999999,0.6769919999999999,0.6833119999999999,0.6832,0.681856,0.6806559999999999,0.6778,0.6815559999999999,0.6766279999999999,0.67,0.6769919999999999,0.6736,0.6801399999999999,0.685892,0.6883759999999999,0.6886559999999999,0.6901319999999999,0.6819799999999997,0.6858639999999999,0.6813199999999999,0.6856559999999999,0.6740399999999999,0.685892,0.6777559999999999,0.6107119999999998,0.6133,0.6218959999999999,0.62334,0.620964,0.6344679999999999,0.6242719999999999
84,0.78332,0.8030999999999999,0.790275,0.8027000000000001,0.8111399999999999,0.80926,0.8089,0.68874,0.66712,0.68592,0.68452,0.68292,0.68922,0.67798,0.68792,0.6744600000000001,0.6767000000000001,0.66874,0.67886,0.6898,0.68058,0.692305,0.691905,0.690835,0.692835,0.6859749999999999,0.69157,0.68457,0.680335,0.681535,0.6831499999999999,0.690645,0.69157,0.69857,0.6982199999999998,0.6971149999999999,0.694645,0.69337,0.692235,0.6931350000000001,0.682445,0.6918049999999999,0.6882099999999999,0.61794,0.61889,0.6314399999999998,0.6323300000000001,0.6360899999999999,0.6443199999999999,0.63023
85,0.810588,0.807796,0.7966799999999999,0.8167719999999999,0.8293280000000001,0.81834,0.8125,0.6990640000000001,0.674592,0.695476,0.695528,0.6929839999999999,0.7011,0.6843680000000001,0.7005120000000001,0.680744,0.6887,0.676276,0.6873680000000001,0.7017659999999999,0.686618,0.7001059999999999,0.700206,0.69843,0.702248,0.6919659999999999,0.7044,0.689106,0.6889059999999999,0.6869299999999999,0.692742,0.7072,0.6967059999999999,0.7059179999999999,0.7068059999999999,0.7038059999999999,0.706218,0.699606,0.703342,0.696418,0.6901,0.6967059999999999,0.698142,0.6302920000000001,0.626582,0.63768,0.645116,0.64494,0.650552,0.635576
86,0.835614,0.8121320000000001,0.804245,0.8432,0.848978,0.831558,0.823649,0.7091280000000001,0.6797639999999999,0.703464,0.7041,0.7011280000000001,0.70882,0.6923,0.7089639999999999,0.688464,0.697664,0.6798,0.698428,0.7129,0.690662,0.7061,0.708054,0.7053929999999999,0.7139009999999999,0.697777,0.711877,0.693977,0.700908,0.691454,0.70317,0.715862,0.701508,0.711877,0.712454,0.7112080000000001,0.714631,0.703577,0.7141390000000001,0.701585,0.703462,0.702031,0.71034,0.643174,0.6322760000000001,0.6439720000000001,0.650722,0.6536559999999998,0.656473,0.638384
87,0.857632,0.8165,0.8106,0.87352,0.8647400000000001,0.8409680000000002,0.836628,0.7172,0.6844,0.709872,0.7102,0.7074360000000001,0.715636,0.6987,0.7172,0.6968239999999999,0.7124879999999999,0.6849,0.706044,0.7217480000000001,0.694,0.714496,0.714784,0.7136440000000001,0.721596,0.70354,0.71894,0.7016,0.7147,0.695096,0.711644,0.727396,0.705496,0.717144,0.718684,0.7186480000000001,0.725384,0.7113,0.724392,0.7065480000000001,0.714832,0.706648,0.715992,0.665212,0.6517399999999999,0.661224,0.657728,0.6631600000000001,0.6602,0.644312
88,0.895484,0.8223,0.816935,0.901946,0.878222,0.8476360000000001,0.845184,0.735616,0.690808,0.7154240000000001,0.7159319999999999,0.712308,0.7315879999999999,0.706808,0.7278319999999999,0.702108,0.723824,0.691208,0.71844,0.731314,0.699757,0.7214900000000001,0.720676,0.7184,0.7334,0.712857,0.7310040000000001,0.708219,0.7241,0.7000379999999999,0.7202379999999999,0.737219,0.710576,0.7247,0.7256,0.725038,0.736476,0.717819,0.732057,0.7136,0.7268950000000001,0.710938,0.720952,0.6814579999999999,0.6607740000000002,0.674724,0.669002,0.6725100000000002,0.663531,0.6577100000000001
89,0.9159,0.8285,0.82275,0.9363,0.8914,0.86458,0.8574799999999999,0.7487,0.6971,0.7248399999999999,0.7228,0.7207399999999999,0.7488,0.71188,0.74152,0.70878,0.73254,0.69748,0.72878,0.7482700000000002,0.70459,0.72879,0.72607,0.7247600000000001,0.74589,0.71769,0.7415600000000001,0.71392,0.7333900000000001,0.7060000000000001,0.72789,0.7513799999999999,0.71387,0.7341799999999999,0.7314900000000001,0.7296600000000001,0.7527500000000001,0.72499,0.7419100000000001,0.7208,0.73568,0.71467,0.73107,0.6961599999999999,0.68109,0.6802800000000001,0.68112,0.68802,0.66874,0.67032
90,0.94752,0.837004,0.83096,0.958446,0.919444,0.88709,0.8656,0.770596,0.7009519999999999,0.7341,0.7299519999999999,0.725756,0.76494,0.718664,0.756304,0.71476,0.741,0.701408,0.735452,0.7664980000000002,0.709261,0.7353,0.7338220000000001,0.731161,0.7653220000000001,0.724261,0.754522,0.7200100000000001,0.7444880000000001,0.710961,0.7366,0.7735150000000002,0.7183880000000001,0.742261,0.738205,0.7364490000000001,0.768283,0.730983,0.7572880000000002,0.7273270000000001,0.7447150000000001,0.7191609999999999,0.7388220000000001,0.7121060000000006,0.695834,0.689956,0.695628,0.6986900000000001,0.6774560000000001,0.681068
91,1.0023240000000004,0.8497040000000002,0.8379200000000001,0.977984,0.9535960000000002,0.918376,0.872376,0.799448,0.705124,0.742324,0.7385480000000001,0.7342879999999999,0.79464,0.7247,0.77274,0.7194,0.753216,0.7071,0.742868,0.7915640000000004,0.7165320000000001,0.7446320000000001,0.741364,0.737332,0.7892640000000001,0.730796,0.7733200000000002,0.725632,0.7523960000000001,0.7165320000000001,0.743432,0.7942920000000001,0.723964,0.748432,0.7466640000000001,0.744464,0.7923320000000004,0.737932,0.7742640000000001,0.733232,0.755028,0.7241,0.748032,0.7343760000000003,0.7030160000000001,0.699588,0.7125,0.7095120000000003,0.686968,0.7009520000000001
92,1.0425100000000005,0.86514,0.8564,0.993058,0.975256,0.9383300000000008,0.879101,0.827824,0.710688,0.752,0.746584,0.742296,0.818196,0.73578,0.7994840000000001,0.722992,0.764984,0.711092,0.754396,0.8259300000000002,0.720703,0.7540420000000003,0.7500840000000005,0.7485,0.8138240000000001,0.7417120000000001,0.8000480000000003,0.7317300000000002,0.7608630000000004,0.7211120000000001,0.7557330000000002,0.8258390000000002,0.729103,0.7589060000000001,0.7578390000000003,0.7577,0.8146540000000003,0.7485300000000003,0.8107270000000002,0.7423029999999999,0.765606,0.729603,0.7588,0.7540720000000001,0.709341,0.7128360000000002,0.7288640000000003,0.721507,0.7016100000000002,0.7099340000000001
93,1.1016639999999989,0.875884,0.87091,1.022628,0.99166,0.952164,0.891216,0.8656839999999993,0.716,0.7634159999999998,0.759304,0.7547,0.849308,0.7423,0.826,0.731104,0.775604,0.717204,0.7708439999999999,0.867529999999999,0.7251,0.7687659999999998,0.7633959999999999,0.7601699999999999,0.8483319999999996,0.7531479999999999,0.8238879999999997,0.7406219999999999,0.7777959999999999,0.725674,0.772574,0.8654919999999998,0.7351219999999999,0.7718740000000001,0.770074,0.767174,0.8543059999999996,0.7627919999999998,0.8259479999999999,0.7508699999999999,0.7826619999999997,0.7370919999999999,0.774048,0.7710679999999999,0.7173120000000001,0.745076,0.7485,0.7333479999999999,0.720804,0.720712
94,1.1699199999999994,0.8985399999999997,0.8813,1.05159,1.0165999999999995,0.97207,0.909215,0.8864799999999987,0.7230399999999999,0.77674,0.7724999999999999,0.76596,0.8764599999999999,0.75374,0.8432399999999998,0.7393599999999999,0.7968199999999999,0.72334,0.7831399999999997,0.8952749999999994,0.7331,0.7812849999999998,0.778045,0.7737149999999998,0.8817249999999995,0.7635049999999999,0.8424399999999997,0.751545,0.8052199999999997,0.7335499999999998,0.78909,0.893925,0.745145,0.7866349999999995,0.7841899999999999,0.7811949999999998,0.8803799999999999,0.7731749999999997,0.84178,0.7618699999999999,0.8107199999999998,0.745435,0.7937149999999995,0.7950699999999999,0.7665449999999999,0.7847999999999997,0.76776,0.7470249999999999,0.732335,0.7325699999999999
95,1.2184,0.91372,0.8890199999999999,1.1108039999999997,1.064528,0.996252,0.92442,0.9260799999999998,0.7313959999999998,0.790272,0.7846479999999999,0.778312,0.902908,0.7609959999999999,0.868736,0.7463359999999999,0.821924,0.7313959999999998,0.8025439999999999,0.9316359999999996,0.7411119999999999,0.7989759999999998,0.792028,0.7882319999999999,0.9133319999999996,0.7735119999999999,0.8706439999999999,0.7620759999999999,0.8241599999999998,0.7422,0.808316,0.937412,0.7569319999999999,0.8036239999999998,0.8001959999999999,0.797264,0.9129719999999996,0.783148,0.8701639999999999,0.774832,0.82758,0.7581879999999998,0.8135319999999999,0.8324439999999995,0.8258599999999999,0.8283199999999996,0.7915039999999998,0.769904,0.747004,0.8116799999999994
96,1.288296,0.9414599999999996,0.913255,1.161994,1.1134539999999995,1.0112559999999997,0.9352919999999998,0.9594959999999998,0.740584,0.8114199999999999,0.797872,0.7904479999999998,0.9365599999999998,0.773724,0.8931479999999996,0.7573079999999999,0.848256,0.740768,0.8236199999999999,0.9741279999999995,0.751861,0.8232959999999999,0.8151349999999999,0.807522,0.9469229999999996,0.787174,0.903787,0.7718740000000001,0.8475179999999999,0.7540699999999999,0.8330919999999998,0.986057,0.7705349999999999,0.8306099999999996,0.8198139999999998,0.8149869999999999,0.949522,0.8040269999999998,0.9013549999999994,0.7882659999999998,0.8494569999999999,0.770687,0.8418569999999999,0.8798620000000001,0.860456,0.881052,0.8535920000000004,0.83893,0.8469,0.861126
97,1.38756,0.964684,0.93324,1.2316800000000003,1.23834,1.036156,0.958944,1.0205159999999998,0.755556,0.835536,0.8212959999999999,0.81418,0.9844559999999996,0.7913359999999999,0.932268,0.7709919999999999,0.8781799999999997,0.755856,0.8526479999999999,1.024476,0.7662899999999999,0.845864,0.8322899999999995,0.8255319999999999,0.985244,0.8064539999999999,0.9406399999999996,0.785574,0.887,0.76679,0.859196,1.028048,0.7801219999999999,0.85198,0.845174,0.839958,0.99679,0.8199,0.950154,0.8,0.8869079999999998,0.7810219999999999,0.862674,0.975668,0.919132,0.887104,0.9903920000000004,0.966176,0.951956,0.919272
98,1.6016860000000006,0.9913399999999996,0.9710599999999991,1.4589960000000002,1.253334,1.0739739999999998,1.0374620000000003,1.1479480000000002,0.7787760000000004,0.8729960000000002,0.8558560000000001,0.8414520000000001,1.0674200000000014,0.8157800000000002,0.9936960000000012,0.7950960000000001,0.9200960000000008,0.7787760000000004,0.8950480000000003,1.1702789999999998,0.7856029999999999,0.884532,0.8706639999999999,0.860932,1.0621899999999995,0.8274900000000001,1.004096,0.8015919999999999,0.932706,0.7856029999999999,0.8983179999999998,1.165583,0.8002319999999999,0.894061,0.8827929999999999,0.872916,1.091303,0.846374,1.0213569999999998,0.820248,0.942535,0.8002319999999999,0.911677,1.1148260000000003,0.9505,0.9074799999999996,1.075232,1.059666999999996,1.056578,1.0071020000000002
